CartoSanté; ; 
Référentiel géographique : France par bassin de vie / canton-ville; ; 
Code;Libellé;APL Médecins généralistes 2023
01004;Ambérieu-en-Bugey;3
0102;Attignat;2.5
0103;Valserhône;3.2
01033;Valserhône;1.8
01034;Belley;3.3
0105;Bourg-en-Bresse-1;4.3
0106;Bourg-en-Bresse-2;3.1
0107;Ceyzériat;2.8
01072;Ceyzériat;3
0108;Châtillon-sur-Chalaronne;2.2
01093;Châtillon-sur-Chalaronne;2
0111;Lagnieu;1.2
0112;Meximieux;3
0113;Miribel;3
01138;Culoz-Béon;3.5
0114;Nantua;2.4
01143;Divonne-les-Bains;2.1
0115;Oyonnax;2.6
0116;Pont-d'Ain;1.7
0117;Replonges;3.3
01173;Gex;2.4
0118;Saint-Étienne-du-Bois;2
01185;Plateau d'Hauteville;1.5
0119;Saint-Genis-Pouilly;1.9
0120;Thoiry;1.4
01202;Lagnieu;2.8
0121;Trévoux;3.7
0122;Villars-les-Dombes;2.9
0123;Vonnas;3.5
01244;Meximieux;2.8
01265;Montréal-la-Cluse;1.8
01266;Montrevel-en-Bresse;2.5
01304;Pont-d'Ain;3.6
01305;Pont-de-Vaux;2.2
01333;Saint-André-de-Corcy;3.2
01443;Villars-les-Dombes;2.9
01457;Vonnas;2
0199;Bourg-en-Bresse;3.2
0201;Bohain-en-Vermandois;2.4
0205;Fère-en-Tardenois;2.9
0206;Villeneuve-sur-Aisne;2.9
02095;Bohain-en-Vermandois;3.1
0212;Ribemont;4
0213;Saint-Quentin-1;2.7
0214;Saint-Quentin-2;2.9
0215;Saint-Quentin-3;4.5
0216;Soissons-1;3.5
02163;Charly-sur-Marne;1.6
02168;Château-Thierry;3.4
0217;Soissons-2;3.3
02173;Chauny;2.4
0220;Vic-sur-Aisne;2
0221;Villers-Cotterêts;2.1
02305;Fère-en-Tardenois;2.7
02360;Villeneuve-sur-Aisne;3.4
02361;Guise;3.9
02381;Hirson;3.3
02408;Laon;2.9
02468;Marle;3.3
02502;Montcornet;3.2
02558;Le Nouvion-en-Thiérache;3.5
02738;Tergnier;2.4
02789;Vervins;2.8
02810;Villers-Cotterêts;2.2
0298;Saint-Quentin;5.1
0299;Soissons;3.4
0301;Bellerive-sur-Allier;3.4
0302;Bourbon-l'Archambault;2
0303;Commentry;3.3
03036;Bourbon-l'Archambault;3.2
0304;Cusset;3.8
0305;Dompierre-sur-Besbre;4.4
0307;Huriel;1.6
0308;Lapalisse;3.6
03082;Commentry;3.3
0309;Montluçon-1;2.8
0310;Montluçon-2;3.5
03102;Dompierre-sur-Besbre;2.9
0311;Montluçon-3;3
03118;Gannat;3.1
0312;Montluçon-4;2.7
0313;Moulins-1;3.9
03138;Lapalisse;1.9
0314;Moulins-2;2.9
0315;Saint-Pourçain-sur-Sioule;3
0316;Souvigny;3.2
0317;Vichy-1;2.9
0318;Vichy-2;3
03186;Montmarault;2.4
0319;Yzeure;3.8
03254;Saint-Pourçain-sur-Sioule;3.2
03298;Varennes-sur-Allier;2.9
0397;Montluçon;3.3
0398;Moulins;4.4
0399;Vichy;3.5
04019;Barcelonnette;5.2
0402;Castellane;4.3
04049;Château-Arnoux-Saint-Auban;3.9
0407;Manosque-1;3.7
04070;Digne-les-Bains;2.3
0408;Manosque-2;4.1
04088;Forcalquier;3.4
0409;Manosque-3;3.7
04094;Gréoux-les-Bains;4
0410;Oraison;2.7
0411;Reillanne;4.1
0413;Seyne;0.7
04143;Oraison;3.6
04166;Riez;3.9
04173;Saint-André-les-Alpes;4.3
04209;Sisteron;3.5
0499;Manosque;4.3
05006;L'Argentière-la-Bessée;3.9
05023;Briançon;6.1
0504;Chorges;3.2
05040;Chorges;3.7
05046;Embrun;5.5
05065;Guillestre;6.7
05070;Laragne-Montéglin;2.1
0512;Saint-Bonnet-en-Champsaur;6.6
05132;Saint-Bonnet-en-Champsaur;5.7
0514;Tallard;4.1
0515;Veynes;4.4
05170;Tallard;3.4
05179;Veynes;4.2
0599;Gap;5.2
0601;Antibes-1;3.3
0603;Antibes-3;3.1
0604;Beausoleil;4.1
0606;Cagnes-sur-Mer-2;3.8
0609;Le Cannet;5.5
06099;Puget-Théniers;2.4
0610;Contes;3.4
0611;Grasse-1;3.8
0612;Grasse-2;7
0613;Mandelieu-la-Napoule;4.3
0614;Menton;3.4
0617;Nice-3;3.1
0621;Nice-7;4.8
0624;Tourrette-Levens;3.9
0625;Valbonne;4.2
0626;Vence;3.4
0627;Villeneuve-Loubet;4.3
0694;Antibes;4.9
0695;Cagnes-sur-Mer;5
0696;Cannes;4.7
0697;Le Cannet;4.3
0698;Grasse;3.7
0699;Nice;4.8
07010;Annonay;3.1
0703;Aubenas-1;2.9
0704;Aubenas-2;2.8
07042;Bourg-Saint-Andéol;2.1
0705;Bourg-Saint-Andéol;3
07064;Le Cheylard;4.7
0707;Guilherand-Granges;3.8
0708;Haut-Vivarais;3.6
0709;Le Pouzin;2.7
0711;Sarras;3
0712;Berg-Helvie;3.1
07129;Lamastre;2.5
0713;Haute-Ardèche;3.4
0714;Tournon-sur-Rhône;3
0715;Vallon-Pont-d'Arc;2.9
0716;Les Cévennes Ardéchoises;3.5
0717;Rhône-Eyrieux;3.5
07186;Privas;1.9
07201;Ruoms;3.8
07330;Vallon-Pont-d'Arc;3.3
07334;Les Vans;3.8
07338;Vernoux-en-Vivarais;2.8
07341;Villeneuve-de-Berg;2.5
07349;La Voulte-sur-Rhône;2.5
0799;Aubenas;3.2
0801;Attigny;3
0802;Bogny-sur-Meuse;2.1
0804;Charleville-Mézières-1;4
0805;Charleville-Mézières-2;4
0806;Charleville-Mézières-3;3.9
0807;Charleville-Mézières-4;5.3
0808;Château-Porcien;3.4
08090;Carignan;2.9
0810;Nouvion-sur-Meuse;3
0813;Rocroi;3.2
0817;Signy-l'Abbaye;2.3
0818;Villers-Semeuse;4.4
08185;Fumay;2.6
08190;Givet;3.4
08302;Monthermé;2.3
08328;Nouzonville;2.5
08362;Rethel;3.7
08363;Revin;3
08409;Sedan;3.3
08490;Vouziers;3.8
0898;Charleville-Mézières;4.5
09122;Foix;4.4
09160;Lavelanet;3.1
09167;Lézat-sur-Lèze;4.2
09185;Mazères;3.5
09194;Mirepoix;2.5
09225;Pamiers;4.5
09261;Saint-Girons;3.3
09282;Saverdun;3
09306;Tarascon-sur-Ariège;3.4
10003;Aix-Villemaur-Pâlis;2.2
10006;Arcis-sur-Aube;2.5
1001;Aix-Villemaur-Pâlis;1.6
1002;Arcis-sur-Aube;2
10033;Bar-sur-Aube;2.3
10034;Bar-sur-Seine;2.5
1004;Bar-sur-Seine;2
1005;Brienne-le-Château;3.7
1006;Creney-près-Troyes;3.3
10064;Brienne-le-Château;3.1
1008;Les Riceys;1.8
1010;Saint-André-les-Vergers;4.1
1011;Saint-Lyé;3
1013;Troyes-2;4.5
1014;Troyes-3;3.8
1015;Troyes-4;3.8
1017;Vendeuvre-sur-Barse;2.4
10268;Nogent-sur-Seine;2.3
10323;Romilly-sur-Seine;2.7
1099;Troyes;4.3
1103;Carcassonne-2;3
1104;Carcassonne-3;2.4
11049;Bram;2.8
1106;Les Basses Plaines de l'Aude;4.6
1107;Les Corbières;5.8
11076;Castelnaudary;2.9
1109;La Région Limouxine;1.2
1110;La Malepère à la Montagne Noire;3.5
11106;Coursan;3.3
1111;Narbonne-1;3.8
1112;Narbonne-2;2.5
1114;La Haute-Vallée de l'Aude;2.1
1115;Le Haut-Minervois;2.4
1116;Le Sud-Minervois;3.6
1117;Les Corbières Méditerranée;2.6
1118;La Montagne d'Alaric;3.8
1119;La Vallée de l'Orbiel;3.3
11203;Lézignan-Corbières;3.7
11206;Limoux;2.9
11266;Port-la-Nouvelle;3.1
11304;Quillan;2.7
11379;Sigean;3.3
11397;Trèbes;4.1
1198;Carcassonne;3.8
1199;Narbonne;4.8
1203;Causse-Comtal;3.2
1205;Ceor-Ségala;2.2
12052;Capdenac-Gare;2.6
12056;Baraqueville;3
12089;Decazeville;3.5
12096;Espalion;3.8
1210;Lot et Truyère;4
12119;Laguiole;3.9
12120;Laissac-Sévérac l'Église;3.7
1213;Monts du Réquistanais;2.8
12138;Marcillac-Vallon;3.3
1214;Nord-Lévezou;4.4
12145;Millau;3.6
12148;Montbazens;3.7
1215;Raspes et Lévezou;3.6
12169;Naucelle;4.3
1217;Rodez-2;5.5
1218;Rodez-Onet;3.6
12197;Réquista;2.5
12198;Rieupeyroux;2.9
12199;Rignac;3.5
12208;Saint-Affrique;2.6
1221;Vallon;2.2
12224;Saint Geniez d'Olt et d'Aubrac;3.1
12270;Sévérac d'Aveyron;2.8
12300;Villefranche-de-Rouergue;3.2
1299;Rodez;4.3
13022;Cassis;5.1
1303;Allauch;4.4
13035;Eyguières;3.1
13037;La Fare-les-Oliviers;4.4
1304;Arles;4.4
1305;Aubagne;4.4
13050;Lambesc;4.3
13051;Lançon-Provence;4.5
13053;Mallemort;3.7
1306;Berre-l'Étang;4
1307;Châteaurenard;3.7
13074;Peyrolles-en-Provence;3.5
13078;Port-Saint-Louis-du-Rhône;3.9
1308;La Ciotat;4.2
13080;Le Puy-Sainte-Réparade;3.7
13084;La Roque-d'Anthéron;3.4
13088;Le Rove;5.2
1309;Gardanne;4.4
13096;Saintes-Maries-de-la-Mer;7.6
13097;Saint-Martin-de-Crau;4.1
1310;Istres;2.9
13100;Saint-Rémy-de-Provence;4.2
13104;Sausset-les-Pins;3.3
13105;Sénas;5
1311;Marignane;4.4
13201;Marseille 1er Arrondissement;6.4
13202;Marseille 2e Arrondissement;5.2
13203;Marseille 3e Arrondissement;4.2
13204;Marseille 4e Arrondissement;5.3
13205;Marseille 5e Arrondissement;4.8
13206;Marseille 6e Arrondissement;6.9
13207;Marseille 7e Arrondissement;5.5
13208;Marseille 8e Arrondissement;5
13209;Marseille 9e Arrondissement;3.6
13210;Marseille 10e Arrondissement;3.9
13211;Marseille 11e Arrondissement;7.9
13212;Marseille 12e Arrondissement;3.5
13213;Marseille 13e Arrondissement;4.3
13214;Marseille 14e Arrondissement;5.2
13215;Marseille 15e Arrondissement;7.2
13216;Marseille 16e Arrondissement;2.8
1324;Martigues;3.6
1325;Pélissanne;4.4
1326;Salon-de-Provence-1;3.1
1327;Salon-de-Provence-2;3.6
1328;Trets;4
1329;Vitrolles;4.6
1397;Aix-en-Provence;5
1399;Salon-de-Provence;4.1
14020;Argences;3.1
14027;Les Monts d'Aunay;3.2
1403;Thue-et-Mue;4.7
1404;Cabourg;3.8
14047;Bayeux;3.5
1405;Caen-1;5.9
1406;Caen-2;5.9
1407;Caen-3;7.6
1409;Caen-5;6.6
1412;Évrecy;4.4
1414;Hérouville-Saint-Clair;6.6
1415;Honfleur-Deauville;4.2
1416;Ifs;6.1
1417;Lisieux;2.9
14174;Condé-en-Normandie;3.5
1418;Livarot-Pays-d’Auge;1.8
1419;Mézidon Vallée d’Auge;2.5
14191;Courseulles-sur-Mer;3.8
1420;Ouistreham;5.4
1421;Pont-l'Évêque;3.9
1422;Le Hom;2.8
14228;Douvres-la-Délivrande;4.2
1424;Troarn;4.3
14257;Évrecy;3
14258;Falaise;3.9
14333;Honfleur;3.5
14342;Isigny-sur-Mer;3.1
14371;Livarot-Pays-d'Auge;1.9
14431;Mézidon Vallée d'Auge;2.8
14478;Orbec;2.1
14488;Ouistreham;3.5
14514;Pont-l'Évêque;3.3
14654;Saint-Pierre-en-Auge;3
14689;Thury-Harcourt-le-Hom;2.8
14712;Troarn;5.2
14752;Villers-Bocage;3.5
14762;Vire Normandie;3.1
1499;Caen;5.6
1501;Arpajon-sur-Cère;4.1
1502;Aurillac-1;4.4
1506;Maurs;3.6
1508;Naucelles;4
15119;Massiac;2
15120;Mauriac;4.1
15122;Maurs;2.6
1513;Saint-Paul-des-Landes;3.3
15138;Murat;3
1514;Vic-sur-Cère;2.7
15162;Riom-ès-Montagnes;2.5
15187;Saint-Flour;3.6
15258;Vic-sur-Cère;5.2
1598;Aurillac;5
1601;Angoulême-1;2.3
1602;Angoulême-2;3.5
16028;Barbezieux-Saint-Hilaire;2.6
1603;Angoulême-3;3.1
1604;Boëme-Echelle;2.8
16070;Chabanais;2.9
16073;Chalais;2.4
16078;Champniers;3.5
16085;Chasseneuil-sur-Bonnieure;2.7
16090;Châteauneuf-sur-Charente;2.1
16102;Cognac;3.7
16106;Confolens;3.5
1613;La Couronne;3.4
1614;Gond-Pontouvre;4
1616;Touvre-et-Braconne;4.2
16167;Jarnac;3.2
1617;Tude-et-Lavalette;2.3
1618;Val de Nouère;2.8
1619;Val de Tardoire;2.3
16206;Mansle-les-Fontaines;3.9
16281;La Rochefoucauld-en-Angoumois;3.2
16292;Ruffec;3.1
16366;Segonzac;2.6
1698;Angoulême;3.2
17003;Aigrefeuille-d'Aunis;3.6
1701;Aytré;6.7
1702;Chaniers;3.9
17024;Aulnay;2.3
1703;Châtelaillon-Plage;5
1706;La Jarrie;5
1708;Lagord;5.2
1709;Marans;5
17093;Le Château-d'Oléron;3.6
1710;Marennes;3.5
1713;Rochefort;4.6
17131;Cozes;2.8
17140;Dolus-d'Oléron;4.5
17161;La Flotte;4.6
17168;Fouras;3.6
1717;Royan;3.8
17172;Gémozac;3.7
1718;Saint-Jean-d'Angély;2.4
1719;Saint-Porchaire;3.3
17197;Jonzac;3.4
1720;Saintes;5
1721;Saintonge Estuaire;2.1
17218;Marans;3.1
17219;Marennes-Hiers-Brouage;3.7
1722;Saujon;4.8
17224;Matha;2.9
17236;Mirambeau;3.1
1724;Thénac;4.6
17240;Montendre;3.2
17241;Montguyon;2.9
1725;Tonnay-Charente;3.9
1726;La Tremblade;3.6
17283;Pons;3.6
17347;Saint-Jean-d'Angély;3.1
17385;Saint-Pierre-d'Oléron;3.5
17397;Saint-Savinien;3.9
17421;Saujon;3.4
17434;Surgères;3.7
17452;La Tremblade;2.7
1799;La Rochelle;5.7
18015;Aubigny-sur-Nère;2.5
1802;Avord;1.5
18057;Châteaumeillant;2
1807;Chârost;1.6
1808;Châteaumeillant;1.3
18087;Dun-sur-Auron;1.2
1809;Dun-sur-Auron;2.3
1810;La Guerche-sur-l'Aubois;2.1
18108;La Guerche-sur-l'Aubois;2
18109;Henrichemont-Menetou-Salon;1.8
18127;Lignières;1.1
1813;Saint-Doulchard;3.2
1814;Saint-Germain-du-Puy;1.8
18141;Mehun-sur-Yèvre;2.3
1815;Saint-Martin-d'Auxigny;2.4
1817;Trouy;2.5
18197;Saint-Amand-Montrond;1.9
18207;Saint-Florent-sur-Cher;2
18223;Saint-Martin-d'Auxigny;1.9
18242;Sancoins;2.2
18279;Vierzon;1.8
1898;Bourges;3.1
1901;Allassac;2.9
19010;Argentat-sur-Dordogne;4.6
1902;Argentat-sur-Dordogne;3.5
19028;Bort-les-Orgues;3.2
1905;Brive-la-Gaillarde-3;2.3
19073;Égletons;7.5
1909;Malemort;4.2
1910;Midi Corrézien;3.4
1911;Naves;1.2
19121;Lubersac;3.2
1913;Saint-Pantaléon-de-Larche;3.2
19138;Meyssac;3.6
19153;Objat;2.9
1918;Uzerche;2.9
1919;L'Yssandonnais;2.3
19255;Seilhac;2.9
19272;Tulle;2.8
19275;Ussel;2.3
19276;Uzerche;2.5
1999;Brive-la-Gaillarde;3.3
2101;Arnay-le-Duc;1.9
2102;Auxonne;3
21023;Arnay-le-Duc;4.3
21038;Auxonne;2.4
21054;Beaune;4.4
2106;Chenôve;5.6
2107;Chevigny-Saint-Sauveur;5.2
2113;Dijon-6;2.4
2114;Fontaine-lès-Dijon;3.9
21154;Châtillon-sur-Seine;2.5
2116;Is-sur-Tille;3.6
2118;Longvic;5.2
2119;Montbard;1.8
2120;Nuits-Saint-Georges;3.5
2121;Saint-Apollinaire;5
2122;Semur-en-Auxois;1.6
2123;Talant;3.4
21292;Genlis;3.3
21317;Is-sur-Tille;3.3
21416;Mirebeau-sur-Bèze;3
21425;Montbard;3.5
21464;Nuits-Saint-Georges;3.4
21501;Pouilly-en-Auxois;3.2
21584;Saulieu;2.5
21603;Semur-en-Auxois;3.3
21607;Seurre;2.8
21663;Venarey-les-Laumes;2.2
2199;Dijon;4.5
22004;Bégard;3.3
2201;Bégard;3.3
22020;Broons;3.5
22025;Callac;2.9
22050;Dinan;3.7
22054;Erquy;3.4
22055;Binic-Étables-sur-Mer;3.2
2206;Lamballe-Armor;4.5
2207;Lannion;4.4
22070;Guingamp;2.9
22093;Lamballe-Armor;2.9
2212;Perros-Guirec;3.3
22121;Lanvollon;2.9
2213;Plaintel;1.9
22136;Loudéac;2.6
2214;Plancoët;3
22143;Matignon;2.9
22147;Merdrignac;3
2215;Plélo;3.4
22162;Paimpol;3.5
22172;Plancoët;3
2218;Plérin;3.8
22186;Pléneuf-Val-André;3.1
2219;Pleslin-Trigavou;4.3
22194;Plestin-les-Grèves;3
2220;Plestin-les-Grèves;2.6
22203;Plœuc-L'Hermitage;1.4
22206;Châtelaudren-Plouagat;2.8
2221;Ploufragan;2.8
22222;Plouha;3
2226;Trégueux;4.3
22262;Quintin;2.2
22266;Rostrenen;3.1
2227;Tréguier;3.8
22362;Tréguier;3.5
2299;Saint-Brieuc;3.5
23008;Aubusson;3.6
23013;Auzances;2.5
23025;Bonnat;2.8
23030;Bourganeuf;2.9
23031;Boussac;2.4
23075;Dun-le-Palestel;2.5
23076;Évaux-les-Bains;2.9
2308;Évaux-les-Bains;1.5
23096;Guéret;2.9
23176;La Souterraine;2.9
2402;Bergerac-2;2.9
2403;Brantôme en Périgord;1.4
2404;Coulounieix-Chamiers;3.7
2405;Le Haut-Périgord Noir;1.6
2406;Isle-Loue-Auvézère;1.5
24064;Brantôme en Périgord;3.1
24067;Le Bugue;3.2
2407;Isle-Manoire;3.1
2408;Lalinde;1.5
2410;Pays de la Force;3.1
2411;Pays de Montaigne et Gurson;3.4
2412;Périgord Central;1.8
24164;Excideuil;3.1
24167;Eymet;2.1
2417;Saint-Astier;2.3
2419;Sud-Bergeracois;2
2420;Terrasson-Lavilledieu;1.8
2421;Thiviers;2.8
2422;Trélissac;4
24223;Lalinde;2.5
24291;Montignac-Lascaux;3.1
24294;Montpon-Ménestérol;2.9
24299;Mussidan;3.1
24309;Neuvic;2.3
24311;Nontron;2.9
24352;Ribérac;2.4
24372;Saint-Astier;2.3
24396;Saint-Cyprien;3.8
24520;Sarlat-la-Canéda;3.5
24547;Terrasson-Lavilledieu;3.1
24551;Thiviers;3.9
24571;Vergt;2.9
2488;Sanilhac;4.6
2489;Bassillac et Auberoche;3.2
2498;Bergerac;3.4
2499;Périgueux;4
2501;Audincourt;3.7
2502;Baume-les-Dames;4.9
2503;Bavans;3.4
2504;Besançon-1;5
25047;Baume-les-Dames;5.2
2505;Besançon-2;5.2
2506;Besançon-3;5.1
2507;Besançon-4;5.2
2508;Besançon-5;5.6
2509;Besançon-6;4.4
2510;Bethoncourt;4.3
2512;Maîche;1.3
2513;Montbéliard;4.1
2517;Saint-Vit;3.5
2519;Valentigney;3.3
25315;L'Isle-sur-le-Doubs;3.7
25356;Maîche;2.7
25411;Morteau;3.6
25434;Ornans;4.1
25462;Pontarlier;3.3
25463;Pont-de-Roide-Vermondans;2.8
25495;Roche-lez-Beaupré;4.6
25512;Le Russey;2.2
25527;Saint-Vit;5
25532;Saône;3.8
25578;Valdahon;4.1
2599;Besançon;5
2601;Bourg-de-Péage;4.5
2603;Dieulefit;3.8
26037;Beaumont-lès-Valence;3.4
2605;Drôme des collines;1.8
2606;Grignan;3.4
26063;Buis-les-Baronnies;2.8
26064;Chabeuil;3.3
2607;Loriol-sur-Drôme;3.7
2608;Montélimar-1;3.4
2609;Montélimar-2;3.3
26108;Crest;3.3
2611;Romans-sur-Isère;3.7
26113;Die;3.7
26114;Dieulefit;3.8
26116;Donzère;2.8
2613;Tain-l'Hermitage;3.3
2615;Valence-1;4.3
2616;Valence-2;2.9
26165;Livron-sur-Drôme;3.1
2617;Valence-3;4.2
26176;Marsanne;2.7
2619;Vercors-Monts du Matin;3.3
26220;Nyons;3.5
26235;Pierrelatte;3.2
26301;Saint-Donat-sur-l'Herbasse;2.8
26307;Saint-Jean-en-Royans;3.6
26324;Saint-Paul-Trois-Châteaux;3.1
26325;Saint-Rambert-d'Albon;2.7
26333;Saint-Vallier;2.3
2697;Montélimar;3.5
2698;Romans-sur-Isère;4.2
2699;Valence;3.8
2701;Les Andelys;1.7
27016;Les Andelys;2.3
2705;Grand Bourgtheroulde;2.9
27051;Beaumont-le-Roger;2.9
27056;Bernay;2.5
27065;Beuzeville;3.3
2708;Conches-en-Ouche;1.8
2709;Évreux-1;2.1
2710;Évreux-2;2.4
27103;Bourg-Achard;3.1
2711;Évreux-3;2.6
27112;Breteuil;2.1
27116;Brionne;2.7
2712;Gaillon;2.7
2714;Louviers;3.6
2715;Le Neubourg;1.8
2716;Pacy-sur-Eure;2.8
27165;Conches-en-Ouche;1.5
27170;Cormeilles;2.6
2718;Pont-de-l'Arche;3.2
27198;Mesnils-sur-Iton;1.3
2720;Saint-André-de-l'Eure;1.8
2721;Val-de-Reuil;3.1
2722;Verneuil d'Avre et d'Iton;1.9
27226;Étrépagny;2.2
2723;Vernon;2.4
27246;Fleury-sur-Andelle;3.6
27275;Gaillon;2.4
27284;Gisors;1.7
27306;Guichainville;2.9
27428;Le Neubourg;2.5
27448;Pacy-sur-Eure;1.5
27467;Pont-Audemer;3
27469;Pont-de-l'Arche;4
27507;Saint-André-de-l'Eure;2.4
27679;Verneuil d'Avre et d'Iton;2.9
2799;Évreux;2.6
28007;Anet;2
2801;Anet;2.4
28015;Auneau-Bleury-Saint-Symphorien;2.2
2802;Auneau;2.3
2804;Chartres-1;2.1
2805;Chartres-2;2.6
28051;Bonneval;1.7
2806;Chartres-3;3.3
28061;Brou;2
2808;Dreux-1;1.8
28088;Châteaudun;2.8
28089;Châteauneuf-en-Thymerais;2.2
2809;Dreux-2;2.6
2810;Épernon;2.8
28103;Cloyes-les-Trois-Rivières;2.5
2811;Illiers-Combray;2.2
28116;Courville-sur-Eure;1.9
2812;Lucé;3.1
2814;Saint-Lubin-des-Joncherets;1.7
28140;Épernon;2.7
2815;Les Villages Vovéens;2.1
28196;Illiers-Combray;1.7
28199;Janville-en-Beauce;2.2
28214;La Loupe;2.8
28227;Maintenon;2.5
28279;Nogent-le-Roi;2.2
28280;Nogent-le-Rotrou;2.5
28373;Senonches;2.8
28422;Les Villages Vovéens;2.7
2898;Chartres;2.7
2899;Dreux;2.3
29004;Bannalec;3.2
29020;Briec;3.4
29024;Carhaix-Plouguer;3.2
29026;Châteaulin;3.6
29027;Châteauneuf-du-Faou;3.1
2903;Brest-3;3.7
29039;Concarneau;4.3
2904;Brest-4;4.8
29042;Crozon;4.6
29046;Douarnenez;3.9
29053;Le Faou;3.9
29058;Fouesnant;3.8
29069;Guilers;4.8
29103;Landerneau;4.5
29105;Landivisiau;3.6
2911;Fouesnant;5.1
29113;Lanmeur;3.4
2912;Guipavas;5.4
29124;Lesneven;3.7
29147;Mellac;4
29150;Moëlan-sur-Mer;3.9
29151;Morlaix;3.7
29160;Plabennec;4.1
29162;Pleyben;3.5
29174;Plonéour-Lanvern;3.6
29178;Ploudalmézeau;3.8
2918;Plabennec;5.2
2919;Plonéour-Lanvern;2.1
29195;Plouguerneau;3.1
29197;Plouhinec;4.8
29199;Plouigneau;3.4
2921;Pont-de-Buis-lès-Quimerch;4.7
29218;Pont-Croix;5.6
29220;Pont-l'Abbé;4.4
2923;Quimper-1;3.5
29233;Quimperlé;4.4
29241;Rosporden;3.8
29259;Saint-Pol-de-Léon;3.8
29260;Saint-Renan;4.5
2927;Saint-Renan;3.6
29274;Scaër;2.6
2998;Brest;5.2
2999;Quimper;4.8
2A041;Bonifacio;3.5
2A05;Ajaccio-5;2
2A08;Gravona-Prunelli;1.9
2A10;Sevi-Sorru-Cinarca;5.5
2A11;Taravo-Ornano;2.5
2A130;Grosseto-Prugna;3.8
2A247;Porto-Vecchio;5.6
2A249;Propriano;3.6
2A272;Sartène;4
2A98;Ajaccio;3.9
2B01;Bastia-1;2.6
2B04;Bastia-4;3
2B042;Borgo;4.4
2B05;Biguglia-Nebbio;2.1
2B050;Calvi;3.9
2B08;Cap Corse;3
2B096;Corte;3
2B123;Ghisonaccia;3
2B134;L'Île-Rousse;3.4
2B207;Penta-di-Casinca;3.7
2B251;Prunelli-di-Fiumorbo;5.2
2B298;Saint-Florent;5.7
2B99;Bastia;4
30003;Aigues-Mortes;3.8
30006;Aimargues;5.1
3001;Aigues-Mortes;5
3002;Alès-1;3.4
30028;Bagnols-sur-Cèze;2.7
30029;Barjac;2.3
3003;Alès-2;2.8
30034;Bellegarde;3.6
30037;Bessèges;4.2
3004;Alès-3;3.1
30047;Bouillargues;4.3
3006;Beaucaire;3.1
30061;La Calmette;3.6
30062;Calvisson;3.9
3008;La Grand-Combe;2.7
3009;Marguerittes;3.5
30132;La Grand-Combe;2.7
3015;Quissac;3.5
30155;Manduel;3.6
3016;Redessan;3.8
3018;Rousson;3.5
3019;Saint-Gilles;3.6
30202;Pont-Saint-Esprit;2.5
3021;Vauvert;3.5
30210;Quissac;4.8
30212;Remoulins;4
30217;Rochefort-du-Gard;2.9
30221;Roquemaure;2.5
3023;Villeneuve-lès-Avignon;3.7
30255;Saint-Geniès-de-Malgoirès;3.1
30258;Saint-Gilles;2.4
30263;Saint-Hippolyte-du-Fort;2.9
30269;Saint-Jean-du-Gard;3.6
30321;Sommières;3.1
30334;Uzès;3.9
30341;Vauvert;3.4
30344;Vergèze;5
30350;Le Vigan;3.4
3098;Alès;3.6
3099;Nîmes;4.1
3101;Auterive;5.5
3103;Blagnac;4.4
31033;Auterive;3.8
3104;Castanet-Tolosan;4.7
31042;Bagnères-de-Luchon;5.8
3105;Castelginest;4.2
31066;Bessières;2.9
3107;Escalquens;4.2
3108;Léguevin;4.1
31080;Boulogne-sur-Gesse;3.1
3109;Muret;5.1
3110;Pechbonnieu;4
31106;Caraman;2.4
31107;Carbonne;4.2
3111;Plaisance-du-Touch;3.5
3112;Portet-sur-Garonne;4.8
3113;Revel;3.6
31135;Cazères;3.2
31202;Fronton;3.2
3121;Toulouse-7;4.9
3122;Toulouse-8;4.5
3123;Toulouse-9;5.8
31232;Grenade;3.5
31239;L'Isle-en-Dodon;3.1
3124;Toulouse-10;6.3
3125;Toulouse-11;5
3126;Tournefeuille;4.3
3127;Villemur-sur-Tarn;3.8
31324;Martres-Tolosane;4.6
31358;Montastruc-la-Conseillère;5.1
31390;Montréjeau;2.7
31396;Nailloux;4.8
31399;Noé;5.3
31451;Revel;3.7
31454;Rieumes;2.9
31483;Saint-Gaudens;3.1
31499;Saint-Lys;3
31523;Salies-du-Salat;3
31573;Verfeil;3.3
31574;Vernet;4.6
31582;Villefranche-de-Lauragais;4.8
31584;Villemur-sur-Tarn;2.7
3199;Toulouse;4.6
32013;Auch;3.4
32096;Cazaubon;2.2
32107;Condom;3.5
32119;Eauze;3.8
3212;Grand-Bas-Armagnac;2.8
3213;L'Isle-Jourdain;3.8
32132;Fleurance;3.9
3214;Lectoure-Lomagne;2.6
32147;Gimont;3.5
32160;L'Isle-Jourdain;2.7
32208;Lectoure;4.5
32233;Marciac;2.6
32242;Masseube;4.1
32249;Mauvezin;3.1
32256;Mirande;3.3
32296;Nogaro;3.4
32319;Plaisance;2.7
32344;Riscle;2.5
32410;Samatan;5.1
32462;Vic-Fezensac;3
33005;Andernos-les-Bains;4.8
33011;Arès;5.3
33036;Bazas;4
33042;Belin-Béliet;3.7
33051;Biganos;4.3
33058;Blaye;3.1
3307;Le Bouscat;4.7
3308;La Brède;3.3
33081;Cadillac-sur-Garonne;4.6
3309;Cenon;7.6
3310;Les Coteaux de Dordogne;4.5
33104;Castelnau-de-Médoc;4.6
33108;Castillon-la-Bataille;3.2
3311;Créon;4.2
33114;Cavignac;3.4
3312;L'Entre-Deux-Mers;3.9
3313;L'Estuaire;3.8
33138;Coutras;2.9
3314;Gujan-Mestras;4.4
33140;Créon;3.3
3316;Le Libournais-Fronsadais;4.3
3317;Lormont;7
3318;Mérignac-1;6.7
3319;Mérignac-2;2.5
3320;Le Nord-Gironde;4.1
33203;Hourtin;3.9
3321;Le Nord-Libournais;3.5
33213;La Brède;2.7
33214;Lacanau;5.8
33227;Langon;4.9
3323;Pessac-1;4.2
33236;Lège-Cap-Ferret;4.9
3324;Pessac-2;4.9
33240;Lesparre-Médoc;3.9
3325;Les Portes du Médoc;5.2
3326;La Presqu'île;4.4
3327;Le Réolais et Les Bastides;3.3
3328;Saint-Médard-en-Jalles;3.8
3330;Le Sud-Médoc;4.1
3331;Talence;6.8
33314;Pauillac;3.9
3332;La Teste-de-Buch;5.2
33327;Podensac;3.8
3333;Villenave-d'Ornon;9.1
33352;La Réole;3.4
33478;Saint-Seurin-sur-l'Isle;2.8
33498;Salles;3
33506;Sauveterre-de-Guyenne;3.5
33514;Soulac-sur-Mer;4
3396;Bègles;6
3397;Bordeaux;6.4
3398;Mérignac;4.4
3399;Pessac;4.3
34003;Agde;3.6
3401;Agde;3.8
3402;Béziers-1;3.9
34022;Baillargues;5.4
34028;Bédarieux;3.4
3403;Béziers-2;4
34031;Bessan;4.1
3404;Béziers-3;4.4
3405;Cazouls-lès-Béziers;3.9
34052;Capestang;3.1
34058;Castries;3.8
3407;Le Crès;6.5
34079;Clermont-l'Hérault;3.8
3408;Frontignan;5.2
3409;Gignac;3.8
3410;Lattes;5.6
34111;Ganges;4.3
34114;Gignac;4.7
3412;Lunel;4.8
34126;Lamalou-les-Bains;4.1
3413;Mauguio;4.1
3414;Mèze;4.5
34142;Lodève;2.7
34147;Magalas;3.1
3415;Montpellier-1;4.6
34150;Marseillan;3.5
34154;Mauguio;4.8
34157;Mèze;3.1
34162;Montagnac;3.9
34189;Olonzac;2.6
34192;Palavas-les-Flots;4.5
34194;Paulhan;3.1
34199;Pézenas;3.9
3420;Montpellier - Castelnau-le-Lez;5.4
34202;Pignan;4
3422;Pignan;5
3423;Saint-Gély-du-Fesc;4.4
34239;Saint-André-de-Sangonis;5.1
3424;Saint-Pons-de-Thomières;2.9
34245;Saint-Chinian;3.2
3425;Sète;5.2
34276;Saint-Mathieu-de-Tréviers;3.8
34284;Saint-Pons-de-Thomières;3.8
34299;Sérignan;3.4
34300;Servian;3.9
34332;Vias;3.3
3498;Béziers;3.8
3499;Montpellier;5
35006;Argentré-du-Plessis;3.3
35012;Bain-de-Bretagne;2.9
3503;Betton;5.1
35037;Bréal-sous-Montfort;3.4
3504;Bruz;3.9
35068;Châteaubourg;3.6
35069;Châteaugiron;3.4
3507;Dol-de-Bretagne;5.9
35085;Combourg;3.6
35095;Dol-de-Bretagne;3.3
35115;Fougères;2.3
3512;Janzé;4.2
35125;La Guerche-de-Bretagne;2.8
35126;Guichen;2.8
3513;Liffré;5
35136;Janzé;3.4
3514;Melesse;4.1
35152;Liffré;3.9
35162;Louvigné-du-Désert;1.8
35168;Val d'Anast;3.3
35176;Guipry-Messac;2.6
35177;La Mézière;3.9
35184;Montauban-de-Bretagne;4.3
35188;Montfort-sur-Meu;3.4
35196;Mordelles;4
3520;Rennes-3;7
35207;Noyal-sur-Vilaine;4.6
35219;Pipriac;2.4
3522;Rennes-5;6.8
35223;Plélan-le-Grand;2.9
3523;Rennes-6;6.2
35236;Redon;2.8
35239;Retiers;2.5
3524;Le Rheu;6.6
35240;Le Rheu;4.2
3525;Saint-Malo-1;3.7
35251;Saint-Aubin-d'Aubigné;2.9
35253;Saint-Aubin-du-Cormier;3.4
35257;Maen Roch;3.3
3526;Saint-Malo-2;4.6
35297;Saint-Méen-le-Grand;3.3
35337;Tinténiac;3.6
35352;Vern-sur-Seiche;4.6
35360;Vitré;3
3598;Rennes;4.8
3599;Saint-Malo;5.5
36001;Aigurande;2
36006;Argenton-sur-Creuse;2.5
3601;Ardentes;2.2
36018;Le Blanc;2.8
3602;Argenton-sur-Creuse;1.5
3603;Le Blanc;3.6
36031;Buzançais;2.3
3604;Buzançais;2.4
36045;Châtillon-sur-Indre;3.7
36046;La Châtre;2.9
3605;Châteauroux-1;4.2
3608;La Châtre;1.6
36088;Issoudun;2.2
36093;Levroux;2
3610;Levroux;2.8
3612;Saint-Gaultier;2.3
36228;Valençay;2.3
3689;Saint-Maur;3.4
3699;Châteauroux;3.1
3701;Amboise;3.8
37011;Avoine;4.9
37014;Azay-le-Rideau;3.9
3702;Ballan-Miré;4.7
3703;Bléré;4.2
37031;Bourgueil;4.1
3704;Château-Renault;3.3
3706;Descartes;3
37062;Château-la-Vallière;3.1
37063;Château-Renault;3.9
3707;Joué-lès-Tours;4.1
37072;Chinon;4.3
3708;Langeais;3.6
3710;Montlouis-sur-Loire;4.5
37104;Esvres;3.4
3711;Monts;3.6
37115;Descartes;2.9
37119;L'Île-Bouchard;3.7
3712;Saint-Cyr-sur-Loire;4.4
37123;Langeais;3.7
3713;Sainte-Maure-de-Touraine;2
37130;Ligueil;3.4
37132;Loches;3.5
3714;Saint-Pierre-des-Corps;4.9
37159;Monts;3.3
3719;Vouvray;3.7
37196;Richelieu;2.9
37226;Sainte-Maure-de-Touraine;3.3
3799;Tours;4.7
38001;Les Abrets en Dauphiné;3
38006;Allevard;3.4
3801;Bièvre;2.3
38013;Apprieu;3.4
3802;Bourgoin-Jallieu;4.2
38022;Les Avenières Veyrins-Thuellin;2.2
3803;Chartreuse-Guiers;2.2
38034;Beaurepaire;2.2
3804;Charvieu-Chavagneux;2.9
3805;Échirolles;5.4
38052;Le Bourg-d'Oisans;5.8
3806;Fontaine-Seyssinet;5.9
3807;Fontaine-Vercors;3.8
3808;Le Grand-Lemps;3.1
38085;Charvieu-Chavagneux;2.8
3810;Grenoble-2;4.4
3813;Le Haut-Grésivaudan;4.1
38130;La Côte-Saint-André;2.8
38138;Crémieu;2.6
3814;L'Isle-d'Abeau;4.4
38140;Crolles;3.5
3816;Meylan;6.3
3817;Morestel;1.5
3818;Le Moyen Grésivaudan;3.7
38189;Heyrieux;2.6
3819;Oisans-Romanche;2.9
3820;Le Pont-de-Claix;4.4
3821;Roussillon;2.7
3822;Saint-Martin-d'Hères;4.9
3823;Le Sud Grésivaudan;2.9
3824;La Tour-du-Pin;3.4
38247;Montalieu-Vercieu;2.2
3825;Tullins;4.2
3826;La Verpillière;4.7
38269;La Mure;3.6
3827;Vienne-1;3.5
3828;Vienne-2;3.2
3829;Voiron;4
38314;Pontcharra;4.7
38315;Le Pont-de-Beauvoisin;2.7
38384;Saint-Étienne-de-Saint-Geoirs;3.2
38399;Saint-Jean-de-Bournay;2.6
38412;Saint-Laurent-du-Pont;3.8
38416;Saint-Marcellin;2.8
38511;Le Touvet;4.4
38517;Tullins;2.9
38545;Vif;2
38548;Villard-de-Lans;5.7
38557;Villette-d'Anthon;1.9
38559;Vinay;2.2
38562;Vizille;2.6
3897;Fontaine;2.9
3898;Grenoble;4.2
3899;Vienne;3.7
3901;Arbois;5
39013;Arbois;4.2
3902;Authume;3.9
3903;Bletterans;3.3
3905;Dole-1;4.9
39056;Bletterans;4.1
3906;Dole-2;4.4
3909;Moirans-en-Montagne;2.5
39097;Champagnole;3.3
3910;Mont-sous-Vaudrey;3.9
39128;Chaussin;2.5
39154;Clairvaux-les-Lacs;3.9
3916;Coteaux du Lizon;2.3
3917;Tavaux;2.4
39300;Lons-le-Saunier;3.8
39333;Moirans-en-Montagne;3.6
39368;Hauts de Bienne;2.7
39397;Orgelet;3.2
39434;Poligny;3.3
39470;Les Rousses;3.4
39475;Saint-Amour;2.1
39478;Saint-Claude;3.2
39487;Saint-Laurent-en-Grandvaux;2.8
39500;Salins-les-Bains;4.1
39526;Tavaux;3.9
3998;Dole;5
40001;Aire-sur-l'Adour;3.8
4001;Adour Armagnac;3.2
4002;Chalosse Tursan;3.4
4004;Coteau de Chalosse;3.7
40046;Biscarrosse;4.9
4005;Dax-1;4.4
4006;Dax-2;4.6
40065;Capbreton;5.8
40075;Castets;3.6
4008;Haute Lande Armagnac;3.9
4010;Mont-de-Marsan-1;3.3
4011;Mont-de-Marsan-2;4.4
40119;Hagetmau;3.4
4012;Orthe et Arrigans;3.2
4013;Pays morcenais tarusate;3.8
40133;Labenne;6.2
4015;Seignanx;5.2
40184;Mimizan;3.8
40194;Montfort-en-Chalosse;3.2
40197;Morcenx-la-Nouvelle;3.9
40217;Parentis-en-Born;4.3
40224;Peyrehorade;3.5
40233;Pouillon;3.5
40245;Roquefort;3.1
40282;Saint-Sever;3.1
40284;Saint-Vincent-de-Tyrosse;5.5
40296;Seignosse;5.6
40310;Soustons;4.7
40313;Tartas;3.5
4098;Dax;4.9
4099;Mont-de-Marsan;4.5
4101;La Beauce;2.1
4103;Blois-2;3
4104;Blois-3;3
4105;Chambord;2.9
41059;Le Controis-en-Sologne;3
4108;Veuzain-sur-Loire;2.2
41106;Lamotte-Beuvron;3.2
41136;Mer;2.6
41143;Mondoubleau;0.8
41149;Montoire-sur-le-Loir;2.7
4115;Vineuil;3.8
41151;Montrichard Val de Cher;3.3
41167;Veuzain-sur-Loire;3
41173;Beauce la Romaine;1.3
41194;Romorantin-Lanthenay;2.8
41198;Saint-Aignan;2.9
41232;Salbris;1.8
41242;Selles-sur-Cher;2.5
41269;Vendôme;2.3
4199;Blois;3.5
4201;Andrézieux-Bouthéon;4.5
42011;Balbigny;2.9
42019;Boën-sur-Lignon;2.9
4202;Boën-sur-Lignon;0.3
42023;Bourg-Argental;2.6
4203;Charlieu;2.4
4204;Le Coteau;3.4
4205;Feurs;2.7
42052;Charlieu;2.2
42059;Chazelles-sur-Lyon;3.4
4206;Firminy;3.2
4207;Montbrison;3.3
4208;Le Pilat;2.5
4209;Renaison;2.4
42094;Feurs;3.3
4210;Rive-de-Gier;3.2
4211;Roanne-1;3.5
4212;Roanne-2;3.3
4213;Saint-Chamond;3.3
42147;Montbrison;3.2
42149;Montrond-les-Bains;3.5
4215;Saint-Etienne-2;4
4216;Saint-Etienne-3;5.5
42165;Panissières;2.6
42168;Pélussin;2.5
4217;Saint-Etienne-4;5.4
4218;Saint-Etienne-5;4.2
4220;Saint-Just-Saint-Rambert;4.3
42204;Saint-Bonnet-le-Château;3.1
4221;Sorbiers;3.3
42230;Saint-Germain-Laval;2.5
4298;Roanne;3.3
4299;Saint-Étienne;4.1
4301;Aurec-sur-Loire;3.3
4302;Bas-en-Basset;1.4
43040;Brioude;3
4305;Les Deux Rivières et Vallées;3.4
43051;Le Chambon-sur-Lignon;4.5
4306;Emblavez-et-Meygal;2.8
4308;Mézenc;2.9
43080;Craponne-sur-Arzon;3.4
43087;Dunières;3.9
43112;Langeac;2.9
4312;Le Puy-en-Velay-1;3.9
4313;Le Puy-en-Velay-2;4.6
43137;Monistrol-sur-Loire;4
4314;Le Puy-en-Velay-3;4.5
4315;Le Puy-en-Velay-4;4.9
4316;Saint-Paulien;2.1
43162;Retournac;2.9
4318;Velay volcanique;2.3
43200;Saint-Julien-Chapteuil;2.8
43216;Saint-Paulien;3
43224;Sainte-Sigolène;3.2
43234;Saugues;0.1
43244;Tence;4.2
43268;Yssingeaux;3.3
4399;Le Puy-en-Velay;4.7
44002;Aigrefeuille-sur-Maine;3
44003;Ancenis-Saint-Géréon;2.7
44015;Blain;3
4402;La Baule-Escoublac;4.3
44036;Châteaubriant;2.9
4404;Carquefou;5
44043;Clisson;3.9
4405;La Chapelle-sur-Erdre;3.8
44051;Derval;2.3
44067;Guémené-Penfao;1.9
44072;Herbignac;3.1
44073;Héric;3.9
44081;Legé;2.8
44082;Ligné;2.5
44084;Le Loroux-Bottereau;3.7
44087;Machecoul-Saint-Même;2.8
4409;Guérande;4
44110;Nort-sur-Erdre;2.6
44113;Nozay;3.1
44120;Le Pellerin;3.3
44129;Pontchâteau;3.2
44131;Pornic;3.4
44158;Saint-Étienne-de-Montluc;2.8
4418;Nort-sur-Erdre;2.1
44180;Vallons-de-l'Erdre;2.2
44186;Sainte-Pazanne;2.4
44188;Saint-Philbert-de-Grand-Lieu;2.9
44195;Savenay;3.4
44209;Treillières;3.2
4421;Rezé-1;4.5
44212;Vallet;3.4
44213;Loireauxence;2
4423;Saint-Brevin-les-Pins;3.5
4424;Saint-Herblain-1;3.9
4425;Saint-Herblain-2;5.3
4427;Saint-Nazaire-2;3.9
4428;Saint-Philbert-de-Grand-Lieu;3.8
4429;Saint-Sébastien-sur-Loire;5.3
4431;Vertou;4.1
4496;Nantes;4.9
4497;Rezé;5.6
4498;Saint-Herblain;5
4499;Saint-Nazaire;3.7
4502;Châlette-sur-Loing;2.5
45028;Beaugency;2.5
45030;Beaune-la-Rolande;1.4
45031;Bellegarde;1.3
4504;Courtenay;1.9
4505;La Ferté-Saint-Aubin;2.4
45053;Briare;2.7
4506;Fleury-les-Aubrais;2.9
4508;Lorris;2.6
45082;Châteauneuf-sur-Loire;2.5
45085;Châtillon-Coligny;1.7
4510;Meung-sur-Loire;2
4511;Montargis;2.4
45115;Courtenay;1.3
4512;Olivet;3.3
45145;Ferrières-en-Gâtinais;1.2
45146;La Ferté-Saint-Aubin;2.5
4515;Orléans-3;3.5
45155;Gien;2.8
45173;Jargeau;2.9
4518;Saint-Jean-de-Braye;2.5
45187;Lorris;1.6
4519;Saint-Jean-de-la-Ruelle;3.9
45191;Le Malesherbois;2.2
4520;Saint-Jean-le-Blanc;3.2
45203;Meung-sur-Loire;2.7
45224;Neuville-aux-Bois;1.9
45248;Patay;1.5
45252;Pithiviers;1.7
45258;Puiseaux;1.8
45315;Sully-sur-Loire;2.5
4599;Orléans;3.1
46042;Cahors;3.4
46045;Cajarc;2.5
46063;Castelnau-Montratier;1.4
46102;Figeac;2.9
4611;Lacapelle-Marival;2.2
46127;Gourdon;3.2
46128;Gramat;2.8
4614;Martel;3.1
46143;Lacapelle-Marival;3.1
4617;Souillac;0.8
46225;Prayssac;3.2
46251;Saint-Céré;3.1
46309;Souillac;3.6
46330;Vayrac;3.5
47004;Aiguillon;3.2
4701;Agen-1;2.7
4702;Agen-2;3
4704;Agen-4;4.1
4705;L'Albret;2.1
47052;Casteljaloux;3.4
47057;Castillonnès;2.4
4706;Le Confluent;3.1
4707;Les Coteaux de Guyenne;2.1
4709;Le Fumélois;1.8
4710;Le Haut Agenais Périgord;1.8
47106;Fumel;2.4
4711;Lavardac;3
4712;Le Livradais;2.4
4715;L'Ouest agenais;3.3
47157;Marmande;3.4
4716;Le Pays de Serres;2
47168;Miramont-de-Guyenne;2.1
4717;Le Sud-Est agenais;2.6
47175;Monflanquin;2.9
4718;Tonneins;1.6
47195;Nérac;3.4
4720;Villeneuve-sur-Lot-1;2.1
4721;Villeneuve-sur-Lot-2;3
47310;Tonneins;2.6
4797;Agen;4.3
4799;Villeneuve-sur-Lot;3.4
48034;La Canourgue;3.6
48061;Florac Trois Rivières;4
48080;Langogne;2
48092;Marvejols;1.8
48095;Mende;3.3
48140;Saint-Chély-d'Apcher;2.6
49018;Baugé-en-Anjou;3.3
4902;Angers-2;4.5
49021;Beaufort-en-Anjou;3.8
49023;Beaupréau-en-Mauges;3
4903;Angers-3;4.6
4904;Angers-4;4.2
4905;Angers-5;5.1
49050;Brissac Loire Aubance;4.8
49054;Candé;2.5
4906;Angers-6;5.2
49063;Chalonnes-sur-Loire;4.4
4907;Angers-7;4.1
49080;Les Hauts-d'Anjou;3.6
4909;Beaupréau-en-Mauges;3.9
49092;Chemillé-en-Anjou;2.8
4910;Chalonnes-sur-Loire;3.6
4911;Chemillé-en-Anjou;3.3
49125;Doué-en-Anjou;3.1
49126;Orée d'Anjou;2.8
49127;Durtal;2.6
4913;Cholet-2;2.4
4917;Les Ponts-de-Cé;4.3
49176;Le Lion-d'Angers;3.8
4918;Sèvremoine;3.5
49180;Longué-Jumelles;2.7
49214;Montreuil-Juigné;4
49215;Montreuil-Bellay;2.8
49218;Montrevault-sur-Èvre;1.4
49228;Noyant-Villages;3.3
49244;Mauges-sur-Loire;4.4
49248;Ombrée d'Anjou;2.5
49261;Gennes-Val-de-Loire;3.8
49283;Saint-Georges-sur-Loire;3.9
49301;Sèvremoine;2.9
49307;Loire-Authion;3.9
49328;Saumur;3.3
49331;Segré-en-Anjou Bleu;3.8
49333;Seiches-sur-le-Loir;3.5
49345;Bellevigne-en-Layon;3
49347;Tiercé;3.4
49373;Lys-Haut-Layon;3.7
4998;Angers;5.9
4999;Cholet;3.9
50003;Agon-Coutainville;3.4
50025;Avranches;3.2
50031;Barneville-Carteret;1.4
5004;Bricquebec-en-Cotentin;3.1
50074;Brécey;1.7
50076;Bréhal;3.8
5008;Cherbourg-en-Cotentin-3;3.3
50082;Bricquebec-en-Cotentin;2.2
50099;Carentan-les-Marais;2.7
5014;La Hague;2.2
50147;Coutances;3.7
5017;Les Pieux;2.4
50218;Granville;4.6
50236;La Haye;2.6
5024;Cherbourg-en-Cotentin-5;3.2
5025;Valognes;3.4
5026;Val-de-Saire;2.7
50341;Montebourg;2.8
50359;Mortain-Bocage;2.1
50394;Périers;2.9
50402;Les Pieux;2.6
50410;Pontorson;2.8
50484;Saint-Hilaire-du-Harcouët;2.6
50487;Saint-James;2.5
50502;Saint-Lô;3.3
50539;Saint-Pierre-Église;2.2
50582;Sourdeval;2
50601;Torigny-les-Villes;3
50615;Valognes;3
50639;Villedieu-les-Poêles-Rouffigny;2.6
5098;Cherbourg-en-Cotentin;3.3
5101;Argonne Suippe et Vesle;1.7
5102;Bourgogne-Fresne;4.1
5103;Châlons-en-Champagne-1;2.8
51030;Aÿ-Champagne;3.8
5104;Châlons-en-Champagne-2;3.1
5105;Châlons-en-Champagne-3;3.2
5106;Dormans-Paysages de Champagne;3.1
5109;Fismes-Montagne de Reims;4.4
5110;Mourmelon-Vesle et Monts de Champagne;4.3
5114;Reims-4;6.1
5115;Reims-5;5
5118;Reims-8;5.1
5120;Sermaize-les-Bains;1.9
51217;Dormans;3.1
5122;Vertus-Plaine Champenoise;1.5
51230;Épernay;3.8
51248;Fère-Champenoise;2.7
51250;Fismes;2.7
51380;Montmirail;3.6
51388;Mourmelon-le-Grand;4
51507;Sainte-Menehould;3
51535;Sézanne;3.1
51559;Suippes;2.3
51612;Blancs-Coteaux;3.6
51649;Vitry-le-François;3.4
5197;Châlons-en-Champagne;4.1
5199;Reims;5.1
52060;Bourbonne-les-Bains;2.8
5208;Eurville-Bienville;2.4
52093;Chalindrey;3.3
52121;Chaumont;3.5
5213;Saint-Dizier-1;2.5
5215;Saint-Dizier-3;3
52197;Fayl-Billot;2.5
52250;Joinville;3.4
52269;Langres;3.2
52331;La Porte du Der;2.5
52353;Nogent;2.6
52550;Wassy;2.3
5299;Saint-Dizier;2.9
53003;Ambrières-les-Vallées;2.1
5301;Château-Gontier-sur-Mayenne-1;1
5302;Bonchamp-lès-Laval;3.2
5305;Ernée;1.7
53062;Château-Gontier-sur-Mayenne;3.3
53077;Cossé-le-Vivien;2.2
5308;L'Huisserie;2.7
53084;Craon;3
53096;Ernée;2.6
53097;Évron;2.6
53107;Gorron;2.6
5313;Loiron-Ruillé;2.2
5314;Mayenne;1.3
53147;Mayenne;2.2
5315;Meslay-du-Maine;1.9
53152;Meslay-du-Maine;2.8
5316;Saint-Berthevin;3.5
5317;Villaines-la-Juhel;1.8
53185;Pré-en-Pail-Saint-Samson;2.1
53271;Villaines-la-Juhel;1.9
5399;Laval;4.2
5402;Entre Seille et Meurthe;5.3
5403;Grand Couronné;4.2
54039;Baccarat;2.7
5404;Jarny;2.2
5405;Jarville-la-Malgrange;5.9
5406;Laxou;3.7
5407;Longwy;2.8
54076;Blainville-sur-l'Eau;3.1
5408;Lunéville-1;2.5
54099;Val de Briey;3.2
5411;Mont-Saint-Martin;2.5
54159;Dombasle-sur-Meurthe;4
5416;Le Nord-Toulois;3.1
5418;Pont-à-Mousson;2.8
5419;Saint-Max;5.7
5421;Val de Lorraine Sud;5.7
5422;Vandoeuvre-lès-Nancy;6.8
5423;Villerupt;2.4
54273;Jarny;2.8
54280;Jœuf;3.7
54322;Longuyon;3.2
54328;Ludres;5
54329;Lunéville;4.5
54397;Neuves-Maisons;2.8
54431;Pont-à-Mousson;4.1
54528;Toul;4.4
54563;Vézelise;3.4
54580;Villerupt;2.7
5499;Nancy;5.2
5501;Ancerville;2.7
55029;Bar-le-Duc;3.3
5510;Ligny-en-Barrois;1.4
55122;Commercy;3.6
55181;Étain;3.9
55291;Ligny-en-Barrois;2.8
55351;Montmédy;1.4
55427;Revigny-sur-Ornain;4.6
55463;Saint-Mihiel;3.8
55502;Stenay;3
55533;Vaucouleurs;3.7
55545;Verdun;3.8
56001;Allaire;3.2
56003;Arradon;5.4
56007;Auray;5
56010;Baud;2.7
56013;Belz;4.4
5603;Grand-Champ;4.5
56034;Carnac;4.2
5605;Guidel;3.9
56053;Elven;4.2
56057;Le Faouët;3.1
56061;La Gacilly;3
56066;Gourin;2.6
56067;Grand-Champ;3.4
5607;Lanester;5.5
56073;Guémené-sur-Scorff;2.5
56075;Guer;3.7
56078;Guidel;4.4
56083;Hennebont;4.7
5609;Lorient-2;10.6
56091;Josselin;3.3
56117;Locminé;3.3
5612;Ploemeur;4.3
56124;Malestroit;2.9
56127;Mauron;3.1
56143;Muzillac;4
56147;Nivillac;4.2
56152;Le Palais;5.7
56164;Ploeren;8.5
56165;Ploërmel;3.5
56166;Plouay;3.2
56169;Plouhinec;3.6
56177;Pluvigner;3.3
56178;Pontivy;2.9
5618;Séné;3.7
56184;Questembert;3.6
56186;Quiberon;3.2
56193;Riantec;2.9
5620;Vannes-2;6.7
5621;Vannes-3;5.4
56240;Sarzeau;3.6
56251;Theix-Noyalo;5.1
5698;Lorient;4.4
5699;Vannes;5.7
5701;Algrange;3.1
5703;Boulay-Moselle;3.2
5704;Bouzonville;2.6
5705;Les Coteaux de Moselle;4.3
5706;Fameck;4.7
5707;Faulquemont;2.9
5708;Forbach;3.3
57089;Bitche;2.2
5709;Freyming-Merlebach;4.9
57097;Boulay-Moselle;3.4
5710;Hayange;3.6
57106;Bouzonville;2.4
57132;Château-Salins;4.2
5714;Metzervisse;2.8
5715;Montigny-lès-Metz;4.1
5716;Le Pays Messin;3.6
57160;Creutzwald;3.4
57177;Dieuze;3.1
5718;Rombas;2.5
5719;Saint-Avold;4
5720;Sarralbe;2.6
57207;Farébersviller;3.3
57209;Faulquemont;3
5723;Le Saulnois;3.9
5724;Le Sillon Mosellan;5.5
5725;Stiring-Wendel;3.2
5726;Thionville;4.9
57269;Guénange;5.2
5727;Yutz;3.6
57323;Hettange-Grande;2.3
57413;Longeville-lès-Saint-Avold;3.7
57443;Marange-Silvange;4
57483;Morhange;2.4
57540;Phalsbourg;3.3
57556;Puttelange-aux-Lacs;3
57572;Rémilly;4
57589;Rohrbach-lès-Bitche;2.8
57628;Sarralbe;3.6
57630;Sarrebourg;3.4
57631;Sarreguemines;3.6
5798;Metz;5.4
5799;Thionville;4.4
5801;La Charité-sur-Loire;1.9
5802;Château-Chinon;2.5
5804;Corbigny;1.9
58059;La Charité-sur-Loire;1.6
5806;Decize;3.2
58062;Château-Chinon (Ville);2
5807;Fourchambault;2.6
58079;Clamecy;2.3
5808;Guérigny;2.9
58083;Corbigny;2.9
58086;Cosne-Cours-sur-Loire;2.6
5809;Imphy;3.3
58095;Decize;2.3
5811;Nevers-1;4.2
5812;Nevers-2;3.8
5813;Nevers-3;3.2
58134;Imphy;1.7
58149;Luzy;5.2
5816;Saint-Pierre-le-Moûtier;1.9
5817;Varennes-Vauzelles;3.3
58218;Prémery;2.1
58264;Saint-Pierre-le-Moûtier;2.3
5899;Nevers;3
5901;Aniche;3.5
59011;Annœullin;3.8
59015;Arleux;3
5902;Annoeullin;5
5903;Anzin;4.3
59036;Avesnes-sur-Helpe;3.6
59037;Avesnes-les-Aubert;3
5904;Armentières;5.2
5905;Aulnoye-Aymeries;2.8
59053;Bavay;2.8
5906;Aulnoy-lez-Valenciennes;4.8
59067;Bergues;3.1
5907;Avesnes-sur-Helpe;3.2
5908;Bailleul;5
5909;Cambrai;3.1
59094;Bourbourg;2.9
5910;Le Cateau-Cambrésis;3.5
59107;Bray-Dunes;2.5
5911;Caudry;3.6
5912;Coudekerque-Branche;4.1
5913;Croix;5.5
59136;Le Cateau-Cambrésis;3.3
59139;Caudry;3.2
5914;Denain;4.5
5915;Douai;3.8
59168;Cysoing;3.8
5917;Dunkerque-2;2.8
5918;Faches-Thumesnil;4.5
5919;Fourmies;3.3
5920;Grande-Synthe;2.8
5921;Hazebrouck;4.5
5922;Lambersart;4.8
5923;Lille-1;5.8
59239;Flines-lez-Raches;3.1
5924;Lille-2;6.2
59249;Fourmies;3.1
5925;Lille-3;5.3
5926;Lille-4;7.7
5928;Lille-6;4.9
5929;Marly;4.5
59295;Hazebrouck;3.8
5930;Maubeuge;3.7
5931;Orchies;4.1
5933;Roubaix-2;4.5
59331;Landrecies;3.4
5934;Saint-Amand-les-Eaux;5
5935;Sin-le-Noble;4.7
5936;Templeuve-en-Pévèle;5.5
5937;Tourcoing-1;4.9
59375;Marchiennes;4.3
5939;Valenciennes;4.4
5940;Villeneuve-d'Ascq;5.2
5941;Wormhout;2.5
59449;Orchies;5.4
59462;Phalempin;5.3
59466;Pont-à-Marcq;4.9
59481;Le Quesnoy;3.3
59571;Solesmes;3
59580;Steenvoorde;4
59601;Trélon;2.3
59653;Wavrin;4.8
59663;Wormhout;3.1
5996;Dunkerque;3.6
5997;Lille;6.1
5998;Roubaix;5.6
5999;Tourcoing;4.2
6001;Beauvais-1;3.2
6002;Beauvais-2;3
6003;Chantilly;3.1
6004;Chaumont-en-Vexin;2.2
6005;Clermont;2.8
6006;Compiègne-1;3.6
6007;Compiègne-2;3.3
6008;Creil;3.6
6009;Crépy-en-Valois;2.4
6010;Estrées-Saint-Denis;3.3
60103;Bresles;2.5
60104;Breteuil;4.1
6011;Grandvilliers;2.5
6012;Méru;2
6013;Montataire;2.8
6014;Mouy;2.6
60143;Chaumont-en-Vexin;1.1
6015;Nanteuil-le-Haudouin;1.4
60157;Clermont;2.4
6016;Nogent-sur-Oise;3.2
60176;Crépy-en-Valois;3
60178;Crèvecœur-le-Grand;3.6
6018;Pont-Sainte-Maxence;2.8
6019;Saint-Just-en-Chaussée;3
6020;Senlis;3.4
6021;Thourotte;3.4
60223;Estrées-Saint-Denis;2.6
60245;Formerie;2.9
60286;Grandvilliers;3.6
60395;Méru;1.6
60471;Noyon;3.1
60500;Le Plessis-Belleville;2.2
60509;Pont-Sainte-Maxence;2.9
60533;Ressons-sur-Matz;2.4
60581;Saint-Just-en-Chaussée;3
60612;Senlis;3.1
60667;Verberie;3.1
6098;Beauvais;4.7
6099;Compiègne;3.6
61006;Argentan;2.8
6102;Alençon-1;3.5
6103;Alençon-2;3.2
61038;Bellême;2.7
6110;Damigny;2.8
61145;Domfront en Poiraie;2.1
6115;Magny-le-Désert;1.8
61168;La Ferté Macé;2.7
61169;Flers;2.7
6117;Écouves;2.9
61181;Gacé;2.7
61214;L'Aigle;2.6
61293;Mortagne-au-Perche;3.4
61464;Sées;3.2
61486;Tinchebray-Bocage;2.4
61508;Vimoutiers;2.1
6197;Alençon;3.3
6201;Aire-sur-la-Lys;3.7
6202;Arras-1;4.5
6203;Arras-2;5.4
62038;Ardres;1.7
6204;Arras-3;4.7
62045;Aubigny-en-Artois;3.6
6205;Auchel;3.5
62057;Audruicq;2.6
62060;Auxi-le-Château;2.4
6207;Avesnes-le-Comte;3.4
6208;Avion;4.6
62080;Bapaume;3.3
6209;Bapaume;2.6
6210;Berck;5.5
6211;Béthune;3.4
6212;Beuvry;4.9
6213;Boulogne-sur-Mer-1;5.5
6214;Boulogne-sur-Mer-2;5.3
6215;Brebières;3.6
6216;Bruay-la-Buissière;3.3
6217;Bully-les-Mines;3.8
6218;Calais-1;4.1
6219;Calais-2;4.4
6221;Carvin;4.8
6222;Desvres;4.2
6223;Douvrin;4.5
6224;Étaples;6
6225;Fruges;3.7
6226;Harnes;4.9
62268;Desvres;2.7
6227;Hénin-Beaumont-1;5.2
6228;Hénin-Beaumont-2;5.6
6229;Lens;5.8
6230;Liévin;4.4
6231;Lillers;3.8
6232;Longuenesse;3.9
6233;Lumbres;3.2
6234;Marck;4
6235;Noeux-les-Mines;3.9
6236;Outreau;5.3
62361;Frévent;3.2
62364;Fruges;2.6
6237;Saint-Omer;3.3
6238;Saint-Pol-sur-Ternoise;2.7
6239;Wingles;5.2
62397;Guînes;2.9
62447;Hesdin-la-Forêt;2.8
62534;Lumbres;2.1
62560;Marquise;3.7
62588;Montreuil-sur-Mer;4
62767;Saint-Pol-sur-Ternoise;3.9
62773;Samer;3.5
62861;Vimy;4.9
62893;Wimereux;4.8
6296;Arras;4.3
6297;Boulogne-sur-Mer;4.8
6298;Calais;3.9
6299;Hénin-Beaumont;4.7
63003;Ambert;2
6301;Aigueperse;3.1
63010;Arlanc;2.5
6303;Aubière;5.3
63038;Besse-et-Saint-Anastaise;5.1
6304;Beaumont;3.9
63040;Billom;2.3
63047;La Bourboule-Mont-Dore;4.9
6305;Billom;3.6
6307;Cébazat;4
6308;Chamalières;3.3
6309;Châtel-Guyon;3.5
63125;Courpière;2.8
6316;Cournon-d'Auvergne;4.8
6317;Gerzat;5.8
63178;Issoire;4.3
6319;Lezoux;3.5
63195;Lezoux;3.2
6320;Maringues;2.4
6321;Les Martres-de-Veyre;4.7
63214;Les Martres-de-Veyre;5.3
6323;Orcines;3.6
6324;Pont-du-Château;6.7
6325;Riom;4.5
6326;Saint-Éloy-les-Mines;2.7
6327;Saint-Georges-de-Mons;3
6328;Saint-Ours;3.7
63283;Pontaumur;3
63284;Pont-du-Château;3.7
63285;Pontgibaud;6.3
6329;Le Sancy;2.7
6331;Vic-le-Comte;4
63338;Saint-Éloy-les-Mines;2.6
63430;Thiers;2.8
63457;Vic-le-Comte;3.6
6399;Clermont-Ferrand;4.3
6402;Artix et Pays de Soubestre;3.6
6403;Baïgura et Mondarrain;4.3
6405;Bayonne-2;5.1
64061;Artix;4.3
64062;Arudy;5
64063;Arzacq-Arraziguet;3.7
6407;Biarritz;4.4
6408;Billère et Coteaux de Jurançon;5.4
6409;Le Coeur de Béarn;3.9
6410;Hendaye-Côte Basque-Sud;4
6411;Lescar, Gave et Terres du Pont-Long;4.6
6412;Montagne Basque;2.8
6413;Nive-Adour;4.5
6415;Oloron-Sainte-Marie-2;3
6417;Ouzom, Gave et Rives du Neez;4.2
6419;Pau-2;4
6420;Pau-3;4.7
6421;Pau-4;5.5
6423;Pays de Morlaàs et du Montanérès;4
64233;Garlin;2.8
6424;Saint-Jean-de-Luz;5.4
6425;Terres des Luys et Coteaux du Vic-Bilh;3.7
64256;Hasparren;3.5
6426;Ustaritz-Vallées de Nive et Nivelle;5.8
6427;Vallées de l'Ousse et du Lagoin;4.5
64320;Laruns;5.5
64331;Lembeye;2.4
64371;Mauléon-Licharre;3.2
64393;Monein;3.1
64410;Mourenx;4
64416;Navarrenx;3
64422;Oloron-Sainte-Marie;4.4
64430;Orthez;3.4
64453;Pontacq;3.3
64485;Saint-Jean-Pied-de-Port;3
64493;Saint-Palais;3.4
64495;Saint-Pée-sur-Nivelle;3.5
64499;Salies-de-Béarn;4.1
64526;Soumoulou;3.6
6496;Anglet;6.5
6497;Bayonne;6.7
6499;Pau;4.6
6501;Aureilhan;4.1
6502;Bordères-sur-l'Echez;3.4
65025;Argelès-Gazost;4.1
6503;Les Coteaux;2.2
65031;Arreau;7.4
65059;Bagnères-de-Bigorre;4.2
6507;Moyen Adour;3.6
6509;Ossun;3.4
6513;Val d'Adour-Rustan-Madiranais;3.4
6514;La Vallée de l'Arros et des Baïses;2.1
6517;Vic-en-Bigorre;3
65258;Lannemezan;2.9
65286;Lourdes;4.5
65295;Luz-Saint-Sauveur;5
65304;Maubourguet;3.3
65452;Trie-sur-Baïse;3.9
65460;Vic-en-Bigorre;3.5
6599;Tarbes;3.9
66003;Amélie-les-Bains-Palalda;4.5
6601;Les Aspres;3.6
66016;Banyuls-sur-Mer;4
66024;Le Boulou;3.2
66025;Bourg-Madame;5.3
6603;La Côte Sableuse;4.2
66037;Canet-en-Roussillon;4.2
6604;La Côte Salanquaise;4.5
66049;Céret;3.7
6605;La Côte Vermeille;4.6
6607;Perpignan-2;4.1
6608;Perpignan-3;4.8
66088;Ille-sur-Têt;2.4
6610;Perpignan-5;3.9
66108;Millas;3.5
6611;Perpignan-6;5.9
6612;La Plaine d'Illibéris;4.7
66124;Font-Romeu-Odeillo-Via;5.4
6614;Le Ribéral;3.8
66144;Pollestres;3.4
66149;Prades;2.4
6615;La Vallée de l'Agly;3
6616;La Vallée de la Têt;5.7
6617;Vallespir-Albères;3.2
66180;Saint-Laurent-de-la-Salanque;2.9
66210;Thuir;2.5
6699;Perpignan;4.8
6701;Bischwiller;4.5
6702;Bouxwiller;4.2
67021;Barr;4.7
67028;Benfeld;4
6703;Brumath;4.3
6704;Erstein;4.7
6705;Haguenau;5.2
6706;Hoenheim;5.1
67061;Bouxwiller;3.7
67067;Brumath;4.8
6707;Illkirch-Graffenstaden;5
6709;Lingolsheim;5
67095;Diemeringen;2.8
67106;Drusenheim;3.9
67130;Erstein;3.5
6715;Schiltigheim;4.8
67152;Geispolsheim;5.6
67202;Hochfelden;4.3
67205;Hœrdt;4.8
67222;Ingwiller;3.1
67281;Marckolsheim;3.8
67282;Marlenheim;4.1
67283;Marmoutier;3.9
67300;Molsheim;4.5
67348;Obernai;4.9
67372;Val-de-Moder;4.1
67388;Reichshoffen;3.8
67411;Rosheim;4.4
67434;Sarre-Union;3.5
67437;Saverne;4
67448;Schirmeck;4.3
67462;Sélestat;5.1
67463;Seltz;2.8
67474;Soultz-sous-Forêts;4.2
67495;Truchtersheim;3.4
67507;Villé;3.2
67519;La Wantzenau;3.3
67520;Wasselonne;3.6
67544;Wissembourg;3.2
67550;Wœrth;4.4
6799;Strasbourg;6.5
68004;Altkirch;3.6
6801;Altkirch;3.5
6802;Brunstatt-Didenheim;3.5
6803;Cernay;3.2
6804;Colmar-1;6.2
6805;Colmar-2;4.2
6806;Ensisheim;2.9
68068;Dannemarie;2
6808;Kingersheim;4.4
68082;Ensisheim;2.8
6809;Masevaux-Niederbruck;3.3
68112;Guebwiller;3.1
6812;Mulhouse-3;5.7
6813;Rixheim;3.4
68138;Hirsingue;3.2
6814;Saint-Louis;2.6
6815;Sainte-Marie-aux-Mines;6.5
6816;Wintzenheim;4.2
68162;Kaysersberg Vignoble;3.9
6817;Wittenheim;2.8
68201;Masevaux-Niederbruck;3.1
68226;Munster;3.7
68269;Ribeauvillé;3.9
68287;Rouffach;3.2
68298;Sainte-Marie-aux-Mines;3.3
68309;Sierentz;2.6
6898;Colmar;4.5
6899;Mulhouse;3.9
69006;Amplepuis;2.7
6901;Anse;4.7
69010;L'Arbresle;3.3
69018;Beaujeu;2.2
69019;Belleville-en-Beaujolais;3.1
69024;Val d'Oingt;2.8
6903;Belleville-en-Beaujolais;2.4
6904;Val d'Oingt;3.7
6905;Brignais;3.7
6906;Genas;3.4
69066;Cours;1.6
6907;Gleizé;3.6
6908;Mornant;2.8
6909;Saint-Symphorien-d'Ozon;3.7
6912;Vaugneray;2.9
6913;Villefranche-sur-Saône;3.7
69141;Mornant;2.7
69201;Sainte-Foy-l'Argentière;2.7
69220;Saint-Laurent-de-Chamousset;2.6
69227;Saint-Martin-en-Haut;2.4
69238;Saint-Symphorien-sur-Coise;2.7
69243;Tarare;2.4
69248;Thizy-les-Bourgs;2.2
69287;Saint-Bonnet-de-Mure;2.9
69381;Lyon 1er Arrondissement;3.6
69382;Lyon 2e Arrondissement;7.6
69383;Lyon 3e Arrondissement;4.6
69384;Lyon 4e Arrondissement;3.1
69385;Lyon 5e Arrondissement;3.5
69386;Lyon 6e Arrondissement;4.7
69387;Lyon 7e Arrondissement;4.8
69388;Lyon 8e Arrondissement;4.9
69389;Lyon 9e Arrondissement;4.7
6999;Lyon;4.1
7003;Héricourt-1;2.9
7009;Marnay;3.8
7012;Rioz;4.8
7014;Scey-sur-Saône-et-Saint-Albin;3.6
70198;Dampierre-sur-Salon;3.4
70279;Gray;4
70285;Héricourt;3.1
70292;Jussey;3.6
70310;Lure;3.2
70311;Luxeuil-les-Bains;3.6
70334;Marnay;4.2
70421;Port-sur-Saône;3.3
70447;Rioz;3.8
70467;Saint-Loup-sur-Semouse;3.3
70550;Vesoul;4.7
70561;Villersexel;3.7
71014;Autun;3
7102;Autun-2;2.3
7103;Blanzy;2.4
7104;Chagny;2.2
71047;Bourbon-Lancy;2.2
7105;Chalon-sur-Saône-1;3.4
7107;Chalon-sur-Saône-3;4
71073;Chagny;2.9
7108;La Chapelle-de-Guinchay;3
7109;Charolles;2.3
71106;Charolles;2.8
7111;Cluny;1.7
7112;Le Creusot-1;2
71120;Chauffailles;2.1
7113;Le Creusot-2;2.1
71133;La Clayette;2.5
71137;Cluny;3.3
7116;Gergy;2.1
7117;Givry;2.7
71176;Digoin;2.2
7118;Gueugnon;1.8
7119;Hurigny;3.3
71192;Étang-sur-Arroux;2.7
7120;Louhans;1.7
7121;Mâcon-1;4.7
7122;Mâcon-2;4.9
71221;Givry;3.1
7123;Montceau-les-Mines;2.6
71230;Gueugnon;1.8
7124;Ouroux-sur-Saône;2.3
7125;Paray-le-Monial;1.6
7126;Pierre-de-Bresse;2.2
71263;Louhans;2.1
7127;Saint-Rémy;3.8
71275;Marcigny;1.5
7128;Saint-Vallier;2.7
7129;Tournus;2.2
71310;Montchanin;1.5
71342;Paray-le-Monial;2.7
71351;Pierre-de-Bresse;2.7
71417;Saint-Gengoux-le-National;2.4
71419;Saint-Germain-du-Bois;2.8
71512;Sennecey-le-Grand;2.9
71543;Tournus;2.7
7197;Chalon-sur-Saône;4
7198;Le Creusot;2.1
7199;Mâcon;4
7201;Bonnétable;2.9
7202;Changé;2.6
72029;Beaumont-sur-Sarthe;2.6
72039;Bonnétable;2.2
7204;Écommoy;2.3
72068;La Chartre-sur-le-Loir;2.6
7207;Loué;2.2
72071;Montval-sur-Loir;2.5
72089;Conlie;3.6
7209;Mamers;3
72090;Connerré;2
7210;Le Mans-1;2.7
7211;Le Mans-2;2.9
72124;Écommoy;2.1
7213;Le Mans-4;3.9
72132;La Ferté-Bernard;2.3
72138;Fresnay-sur-Sarthe;1.5
72143;Le Grand-Lucé;1.4
7215;Le Mans-6;3.3
72154;La Flèche;3.4
7216;Le Mans-7;3
72168;Loué;3.9
72176;Le Lude;2.5
72180;Mamers;2.7
72189;Marolles-les-Braults;2.4
7219;Savigné-l'Évêque;2.6
7220;Sillé-le-Guillaume;2.4
7221;La Suze-sur-Sarthe;2.5
72213;Mulsanne;2.3
72231;Parigné-l'Évêque;1.5
72264;Sablé-sur-Sarthe;2.8
72269;Saint-Calais;1.6
72334;Sillé-le-Guillaume;3.9
72346;La Suze-sur-Sarthe;2.1
72373;Vibraye;2
7299;Le Mans;3.3
73006;Aime-la-Plagne;3.6
7301;Aix-les-Bains-1;3.6
73010;Entrelacs;3.7
7302;Aix-les-Bains-2;5
7303;Albertville-1;3.1
73034;Beaufort;6.4
7304;Albertville-2;3.3
73054;Bourg-Saint-Maurice;4.5
73055;Bozel;5.9
7307;Chambéry-1;4.6
7308;Chambéry-2;3.7
7309;Chambéry-3;3.1
7311;Montmélian;4.1
7312;La Motte-Servolex;6.1
7314;Le Pont-de-Beauvoisin;1.8
7315;La Ravoire;6.1
73157;Modane;5.2
7316;Saint-Alban-Leysse;4.7
73171;Montmélian;3.8
7318;Saint-Pierre-d'Albigny;2.8
73181;Moûtiers;4.8
7319;Ugine;4
73215;Valgelon-La Rochette;3.2
73236;Saint-Genix-les-Villages;2.9
73248;Saint-Jean-de-Maurienne;4
73270;Saint-Pierre-d'Albigny;2.9
73303;Ugine;3.2
73304;Val-d'Isère;8.5
73330;Yenne;2.3
7397;Aix-les-Bains;3.5
7398;Albertville;3.5
7399;Chambéry;5.1
7401;Annecy-1;3.5
7402;Annecy-2;5.2
7403;Annecy-3;4.9
7404;Annemasse;2.8
74043;Bons-en-Chablais;2.2
7405;Bonneville;3.1
74056;Chamonix-Mont-Blanc;5.5
7406;Cluses;2.9
7407;Évian-les-Bains;3.5
7408;Faverges-Seythenex;3.4
7409;Gaillard;3.5
74096;Cruseilles;3.4
7410;Le Mont-Blanc;4.5
74105;Douvaine;1.9
7411;La Roche-sur-Foron;2.2
7412;Rumilly;3.6
74123;Faverges-Seythenex;3.6
7413;Saint-Julien-en-Genevois;2.2
74137;Groisy;4
7414;Sallanches;4.6
7415;Sciez;2.4
7416;Annecy-4;4.2
7417;Thonon-les-Bains;2.5
74191;Morzine;4.7
74225;Rumilly;2.8
74258;Samoëns;3.7
74269;Seyssel;1.7
74276;Taninges;5.2
74280;Thônes;5
7499;Annecy;5.2
75101;Paris 1er Arrondissement;6.5
75102;Paris 2e Arrondissement;6.4
75103;Paris 3e Arrondissement;6.1
75104;Paris 4e Arrondissement;6.6
75105;Paris 5e Arrondissement;5.8
75106;Paris 6e Arrondissement;6.1
75107;Paris 7e Arrondissement;5.9
75108;Paris 8e Arrondissement;5.6
75109;Paris 9e Arrondissement;6.1
75110;Paris 10e Arrondissement;6.3
75111;Paris 11e Arrondissement;5.3
75112;Paris 12e Arrondissement;4.2
75113;Paris 13e Arrondissement;4.4
75114;Paris 14e Arrondissement;4.5
75115;Paris 15e Arrondissement;4.6
75116;Paris 16e Arrondissement;3.9
75117;Paris 17e Arrondissement;5.2
75118;Paris 18e Arrondissement;4.9
75119;Paris 19e Arrondissement;5.3
75120;Paris 20e Arrondissement;4.6
7601;Barentin;3
7602;Bois-Guillaume;4.4
76034;Val-de-Scie;4
76035;Aumale;3.5
7604;Canteleu;3.4
7605;Caudebec-lès-Elbeuf;4
76057;Barentin;3.6
7606;Darnétal;4.8
7607;Dieppe-1;4.4
7608;Dieppe-2;2.8
7609;Elbeuf;3.8
76101;Blangy-sur-Bresle;3.5
76114;Bolbec;2.8
7613;Le Grand-Quevilly;3
76146;Buchy;3.8
7615;Le Havre-2;3.5
76159;Cany-Barville;2.7
7616;Le Havre-3;3.9
76164;Rives-en-Seine;3.8
7619;Le Havre-6;2.9
76196;Criquetot-l'Esneval;2.9
7620;Luneray;3.4
7621;Le Mesnil-Esnard;3.6
76219;Doudeville;3.2
7622;Mont-Saint-Aignan;5
76222;Duclair;2.9
7623;Neufchâtel-en-Bray;3.3
7624;Notre-Dame-de-Bondeville;4.2
76255;Eu;3.6
76258;Terres-de-Caux;3.1
76259;Fécamp;3
7626;Octeville-sur-Mer;3.4
7627;Le Petit-Quevilly;6.8
76276;Forges-les-Eaux;4.2
76302;Goderville;2.8
7631;Saint-Étienne-du-Rouvray;6.1
76312;Gournay-en-Bray;2.2
7632;Saint-Romain-de-Colbosc;3.7
76400;Luneray;3.5
76462;Neufchâtel-en-Bray;4.4
76476;Port-Jérôme-sur-Seine;2.6
76482;Offranville;4.2
76647;Saint-Romain-de-Colbosc;3.5
76648;Saint-Saëns;4.2
76655;Saint-Valery-en-Caux;3.3
76752;Yerville;3.1
76758;Yvetot;4.2
7695;Dieppe;3.6
7696;Le Havre;3.5
7697;Rouen;5.4
7698;Saint-Étienne-du-Rouvray;6.4
7699;Sotteville-lès-Rouen;3.6
7701;Champs-sur-Marne;3.1
7702;Chelles;2
7703;Claye-Souilly;2.9
7704;Combs-la-Ville;2.6
77051;Bray-sur-Seine;1.4
77053;Brie-Comte-Robert;2.4
7706;La Ferté-sous-Jouarre;2.1
7707;Fontainebleau;3
7708;Fontenay-Trésigny;2.9
77088;La Chapelle-la-Reine;2.2
7709;Lagny-sur-Marne;2.5
7710;Meaux;2.7
77100;Le Châtelet-en-Brie;1.8
7711;Melun;2
77118;Claye-Souilly;2.8
7712;Mitry-Mory;2.8
77131;Coulommiers;2.3
7714;Nangis;2.3
7715;Nemours;2.8
77153;Dammartin-en-Goële;2.3
7716;Ozoir-la-Ferrière;2.8
7717;Pontault-Combault;2.7
77182;La Ferté-Gaucher;1.5
77183;La Ferté-sous-Jouarre;2.1
7719;Saint-Fargeau-Ponthierry;1.9
77192;Fontenay-Trésigny;1.8
7720;Savigny-le-Temple;2.1
7721;Serris;2.3
7722;Torcy;3
7723;Villeparisis;2.3
77305;Montereau-Fault-Yonne;2.4
77316;Moret-Loing-et-Orvanne;2.9
77327;Nangis;1.6
77333;Nemours;2.3
77379;Provins;2.2
77393;Rozay-en-Brie;2.5
77437;Saint-Soupplets;2.2
77458;Souppes-sur-Loing;2
77470;Tournan-en-Brie;2
7801;Aubergenville;2.7
7802;Bonnières-sur-Seine;2.1
78029;Aubergenville;3.4
7803;Chatou;2.7
7804;Le Chesnay-Rocquencourt;2.9
7805;Conflans-Sainte-Honorine;2.7
7806;Houilles;1.3
7807;Limay;2.7
7808;Mantes-la-Jolie;3
78089;Bonnières-sur-Seine;1.8
7809;Maurepas;2.9
7810;Montigny-le-Bretonneux;3.1
7811;Les Mureaux;2.3
7812;Plaisir;2.5
7813;Poissy;2.5
7815;Saint-Cyr-l'École;3.4
7816;Saint-Germain-en-Laye;2.6
7817;Sartrouville;1.9
7818;Trappes;3.1
7819;Verneuil-sur-Seine;2.5
7821;Versailles-2;1.9
78217;Épône;2.5
78220;Les Essarts-le-Roi;2.7
78310;Houdan;1.8
78420;Montfort-l'Amaury;2.3
78455;Noisy-le-Roi;2.7
78486;Le Perray-en-Yvelines;2.6
78513;La Queue-les-Yvelines;2.2
78517;Rambouillet;3.1
78537;Saint-Arnoult-en-Yvelines;2.7
7899;Versailles;2.6
79005;Airvault;3.7
7901;Autize-Egray;2.5
79048;La Crèche;3.7
79049;Bressuire;3
7905;Frontenay-Rohan-Rohan;3.2
7906;La Gâtine;1.5
79061;Celles-sur-Belle;2.8
79062;Cerizay;2.8
7907;Mauléon;2.1
79079;Mauléon;1.9
79083;Chef-Boutonne;2.4
7909;Mignon-et-Boutonne;2.4
79101;Coulonges-sur-l'Autize;1.8
7914;La Plaine Niortaise;3.5
79174;Melle;3.5
79179;Moncoutant-sur-Sèvre;2.5
79195;Nueil-les-Aubiers;2.3
79202;Parthenay;2.5
79270;Saint-Maixent-l'École;2.6
79307;Sauzé-entre-Bois;3.4
79311;Secondigny;1.9
79329;Thouars;3
7999;Niort;4.4
80001;Abbeville;4.4
80010;Ailly-sur-Noye;3.1
80013;Airaines;3.7
80016;Albert;3.9
8003;Ailly-sur-Noye;3.5
8004;Ailly-sur-Somme;4.1
8005;Albert;3.8
8007;Amiens-2;4.5
8008;Amiens-3;6.9
8009;Amiens-4;7.5
8010;Amiens-5;6.2
8011;Amiens-6;4.6
8012;Amiens-7;4.7
8013;Corbie;4.4
8015;Flixecourt;4.8
8019;Moreuil;4.1
8020;Péronne;2.7
8021;Poix-de-Picardie;3.5
80211;Conty;3.7
80212;Corbie;4.7
80222;Crécy-en-Ponthieu;3.2
80253;Doullens;3.5
80318;Flixecourt;4.5
80368;Friville-Escarbotin;3.8
80373;Gamaches;3.3
80410;Ham;2.7
80561;Montdidier;3.8
80570;Moreuil;4.6
80606;Oisemont;3.4
80620;Péronne;2.8
80630;Poix-de-Picardie;3.6
80680;Rosières-en-Santerre;4.4
80685;Roye;3.2
80688;Rue;4.3
80721;Saint-Valery-sur-Somme;3.4
80799;Villers-Bretonneux;5.1
8099;Amiens;6.1
81003;Alban;2.4
8102;Albi-2;4.6
8103;Albi-3;3.8
8104;Albi-4;4.2
8105;Carmaux-1 Le Ségala;1.7
81060;Carmaux;2.8
8108;Castres-2;1.9
8109;Castres-3;4.5
81099;Gaillac;3.6
8110;Les Deux Rives;3.4
81105;Graulhet;2.4
81120;Labruguière;2.9
81124;Lacaune;2.3
8113;Le Haut Dadou;3.2
8114;Les Hautes Terres d'Oc;2.7
81140;Lavaur;2.5
8116;Mazamet-1;2.4
81163;Mazamet;2.5
8117;Mazamet-2 Vallée du Thoré;1.1
8118;La Montagne noire;2.7
8119;Le Pastel;4
8120;Plaine de l'Agoût;3.8
81219;Puylaurens;3.1
8122;Saint-Juéry;3.9
81220;Rabastens;3.1
81222;Réalmont;3.2
81271;Saint-Sulpice-la-Pointe;3
8196;Albi;4.7
8198;Castres;3.4
8201;Aveyron-Lère;3.7
82013;Beaumont-de-Lomagne;4.1
82033;Castelsarrasin;2.5
82037;Caussade;3.4
82087;Lafrançaise;2.1
8209;Montech;4.2
8210;Pays de Serres Sud-Quercy;1.7
8211;Quercy-Aveyron;2.8
82112;Moissac;2.9
82125;Montech;2.7
8213;Tarn-Tescou-Quercy vert;3.4
82134;Nègrepelisse;3.1
8215;Verdun-sur-Garonne;3.8
82155;Saint-Antonin-Noble-Val;3.3
82186;Valence;2.7
82190;Verdun-sur-Garonne;2.6
8299;Montauban;4.4
83007;Aups;4.2
83012;Barjols;3.4
83019;Bormes-les-Mimosas;4.7
8302;La Crau;5.2
83023;Brignoles;2.8
8303;Draguignan;4.1
83032;Carcès;2.1
83036;Cavalaire-sur-Mer;3.8
8304;Flayosc;3
83042;Cogolin;4.4
83055;Fayence;3.4
8306;La Garde;3.9
83064;Garéoult;3.3
8307;Garéoult;3
83071;La Londe-les-Maures;3.4
83072;Lorgues;3.6
83073;Le Luc;2.6
83081;Montauroux;4.1
8309;Le Luc;2
83091;Pierrefeu-du-Var;2.1
8310;Ollioules;3.9
83104;Rians;3.3
83106;Rocbaron;3.4
83107;Roquebrune-sur-Argens;2.5
8311;Roquebrune-sur-Argens;3.6
83115;Sainte-Maxime;4.6
83116;Saint-Maximin-la-Sainte-Baume;3.2
83119;Saint-Tropez;4.1
8312;Saint-Cyr-sur-Mer;3
83121;Salernes;4.4
8313;Saint-Maximin-la-Sainte-Baume;3.3
8314;Saint-Raphaël;2.9
83148;Vidauban;3.2
8317;La Seyne-sur-Mer-2;3.9
8318;Solliès-Pont;4.7
8321;Toulon-3;4.5
8323;Vidauban;2.3
8396;Fréjus;3.9
8397;Hyères;4.8
8398;La Seyne-sur-Mer;4
8399;Toulon;4.2
84003;Apt;3.5
8401;Apt;2.6
84019;Bollène;2.7
8404;Avignon-3;4
8405;Bollène;2.9
8406;Carpentras;2.8
8407;Cavaillon;4.1
8408;Cheval-Blanc;3.3
84089;Pertuis;4.1
8409;L'Isle-sur-la-Sorgue;3.5
8410;Monteux;3.5
84106;Sainte-Cécile-les-Vignes;3.3
8411;Orange;3
8412;Pernes-les-Fontaines;2.7
84123;Sault;3
8413;Pertuis;1.7
84133;La Tour-d'Aigues;3
84137;Vaison-la-Romaine;4.7
84138;Valréas;2.8
8414;Le Pontet;4.5
8415;Sorgues;3.8
8416;Vaison-la-Romaine;3.1
8499;Avignon;4.5
85003;Aizenay;2.2
85018;Beauvoir-sur-Mer;3
85019;Bellevigny;2.7
8502;Challans;1.3
85020;Benet;2.7
8503;Chantonnay;3
85035;Bretignolles-sur-Mer;2.7
85047;Challans;3.3
85051;Chantonnay;2
85059;La Châtaigneraie;1.9
85084;Essarts-en-Bocage;2.6
8509;Mareuil-sur-Lay-Dissais;1.6
85092;Fontenay-le-Comte;2.7
85109;Les Herbiers;2.8
85113;L'Île-d'Yeu;3.5
8512;La Roche-sur-Yon-1;3.6
85128;Luçon;3.1
8513;La Roche-sur-Yon-2;2.6
8514;Les Sables-d'Olonne;4
85146;Montaigu-Vendée;3.4
8515;Saint-Hilaire-de-Riez;3.1
85151;Mortagne-sur-Sèvre;2.6
85152;Les Achards;2.4
85156;Moutiers-les-Mauxfaits;2.4
8516;Saint-Jean-de-Monts;2.7
85163;Noirmoutier-en-l'Île;3.1
8517;Talmont-Saint-Hilaire;2.8
85178;Le Poiré-sur-Vie;2.5
85182;Pouzauges;2.2
85215;Saint-Fulgent;2.6
85223;Saint-Jean-d'Hermine;2.4
85288;Talmont-Saint-Hilaire;3
85294;La Tranche-sur-Mer;3.4
8599;La Roche-sur-Yon;3.8
8601;Chasseneuil-du-Poitou;4.3
8602;Châtellerault-1;3.4
8603;Châtellerault-2;3.6
8604;Châtellerault-3;2.7
8605;Chauvigny;3.6
8607;Jaunay-Marigny;4.1
86070;Chauvigny;3.8
86078;Civray;3.5
86082;Valence-en-Poitou;3.6
86092;Dangé-Saint-Romain;1.8
86103;Gençay;3.6
8611;Migné-Auxances;5.6
86112;L'Isle-Jourdain;3.7
86128;Lencloître;3.3
8613;Poitiers-1;5.3
86137;Loudun;2.5
86139;Lusignan;3.9
8614;Poitiers-2;4.7
86140;Lussac-les-Châteaux;3
8616;Poitiers-4;4.5
86165;Montmorillon;3.4
8617;Poitiers-5;5.1
86177;Neuville-de-Poitou;3.8
8618;Vivonne;3.6
8619;Vouneuil-sous-Biard;4.3
86293;Vivonne;4.9
86294;Vouillé;4.3
8698;Châtellerault;4.4
8699;Poitiers;5
87001;Aixe-sur-Vienne;3.6
87002;Ambazac;3.6
8701;Aixe-sur-Vienne;3.3
87011;Bellac;2.6
87014;Bessines-sur-Gartempe;3.4
8702;Ambazac;4.8
8703;Bellac;2.8
87032;Châlus;3.7
8705;Condat-sur-Vienne;3.8
8706;Couzeix;4.1
87064;Eymoutiers;2.9
8707;Eymoutiers;2.7
87106;Nexon;2.6
8712;Limoges-5;5
87126;Rochechouart;3.4
87154;Saint-Junien;4
8716;Limoges-9;3.6
87161;Saint-Léonard-de-Noblat;3.4
8717;Panazol;4.5
87187;Saint-Yrieix-la-Perche;3.6
8720;Saint-Léonard-de-Noblat;3.1
8799;Limoges;5.1
8802;Bruyères;2.3
8803;Charmes;3.1
8804;Darney;2.1
8805;Épinal-1;4.1
8806;Épinal-2;4
8807;Gérardmer;3.4
88075;La Bresse;2.9
88078;Bruyères;3.7
8808;Golbey;4.8
88090;Charmes;3.1
8811;Raon-l'Etape;3.7
88114;Contrexéville;4
8813;Saint-Dié-des-Vosges-1;4.3
8814;Saint-Dié-des-Vosges-2;3.8
8816;Le Val-d'Ajol;2.3
88196;Gérardmer;4.6
88304;Mirecourt;3.3
88321;Neufchâteau;3.2
88367;Rambervillers;3.3
88372;Raon-l'Étape;3.9
88383;Remiremont;4.1
88408;Rupt-sur-Moselle;2.5
88468;Le Thillot;2.4
88486;Vagney;3.3
88487;Le Val-d'Ajol;2.4
88516;Vittel;3.6
88530;Xertigny;2.3
8898;Épinal;5.1
8899;Saint-Dié-des-Vosges;4
89003;Montholon;1.9
8901;Auxerre-1;2.9
8902;Auxerre-2;3
89025;Avallon;3
8903;Auxerre-3;2.2
8904;Auxerre-4;2.4
8906;Brienon-sur-Armançon;1.8
89068;Chablis;2.5
8907;Chablis;2.1
8908;Charny Orée de Puisaye;1.6
89086;Charny Orée de Puisaye;2.1
8910;Gâtinais en Bourgogne;1.7
8912;Joux-la-Ville;1.3
8913;Migennes;3.4
8914;Pont-sur-Yonne;2.9
8915;Saint-Florentin;2.3
8916;Sens-1;3.9
8917;Sens-2;3.2
8918;Thorigny-sur-Oreuse;2.4
89206;Joigny;2.5
8921;Vincelles;1.8
89257;Migennes;2.2
89309;Pont-sur-Yonne;1.4
89345;Saint-Florentin;2.9
89368;Saint-Sauveur-en-Puisaye;3.6
89418;Tonnerre;3.8
89419;Toucy;2.4
89464;Villeneuve-sur-Yonne;1.4
8998;Auxerre;3.4
8999;Sens;3.9
9001;Bavilliers;4.3
90033;Delle;2.2
9005;Châtenois-les-Forges;4.4
90052;Giromagny;2.6
9006;Delle;1.9
9007;Giromagny;3.9
9008;Grandvillars;3.9
9009;Valdoie;4.1
9099;Belfort;3.2
9101;Arpajon;2.2
91016;Angerville;2.1
9102;Athis-Mons;2.2
9103;Brétigny-sur-Orge;2.2
9104;Corbeil-Essonnes;2.3
91045;Ballancourt-sur-Essonne;1.8
9105;Dourdan;2.1
9106;Draveil;2.8
9107;Épinay-sous-Sénart;2.7
9108;Étampes;2.4
9109;Évry;3
9110;Gif-sur-Yvette;2.8
9111;Longjumeau;2.6
9112;Massy;3.5
9113;Mennecy;2.7
9114;Palaiseau;2.5
9115;Ris-Orangis;2.2
9116;Sainte-Geneviève-des-Bois;2.4
9117;Savigny-sur-Orge;2.1
9118;Les Ulis;2.7
9119;Vigneux-sur-Seine;1.9
9120;Viry-Châtillon;2.9
91200;Dourdan;2.1
9121;Yerres;2.6
91226;Étréchy;2.1
91232;La Ferté-Alais;2.4
91338;Limours;2.6
91376;Marolles-en-Hurepoix;2.1
91405;Milly-la-Forêt;2
9198;Brunoy;2.7
9199;Montgeron;2.7
9201;Antony;2.5
9203;Bagneux;3.6
9205;Boulogne-Billancourt-2;1.8
9206;Châtenay-Malabry;2.3
9207;Châtillon;3.6
9208;Clamart;2.7
9209;Clichy;4.1
9211;Colombes-2;3.8
9213;Courbevoie-2;3.1
9214;Gennevilliers;3.4
9215;Issy-les-Moulineaux;3
9216;Levallois-Perret;4.4
9217;Meudon;2.7
9218;Montrouge;3.6
9220;Nanterre-2;2.6
9221;Neuilly-sur-Seine;3.7
9222;Rueil-Malmaison;2.7
9223;Saint-Cloud;2.6
9295;Asnières-sur-Seine;3.6
9296;Boulogne-Billancourt;3
9297;Colombes;2.6
9298;Courbevoie;3.8
9299;Nanterre;2.8
9301;Aubervilliers;4.1
9302;Aulnay-sous-Bois;2.7
9303;Bagnolet;3.4
9304;Le Blanc-Mesnil;2.5
9305;Bobigny;3.5
9306;Bondy;3.2
9307;La Courneuve;2.9
9309;Épinay-sur-Seine;4
9310;Gagny;3.1
9311;Livry-Gargan;3.1
9312;Montreuil-1;2.6
9314;Noisy-le-Grand;3.1
9315;Pantin;3.9
9317;Saint-Denis-2;3.5
9318;Saint-Ouen-sur-Seine;4.6
9319;Sevran;2.3
9320;Tremblay-en-France;2.5
9321;Villemomble;3.6
9395;Bobigny;2.4
9396;Drancy;2.9
9397;Épinay-sur-Seine;3.7
9398;Montreuil;3.7
9399;Saint-Denis;3.8
9401;Alfortville;4.9
9402;Cachan;2.5
9404;Champigny-sur-Marne-2;5.4
9405;Charenton-le-Pont;4.1
9406;Choisy-le-Roi;4.1
9409;Fontenay-sous-Bois;3.5
9410;L'Haÿ-les-Roses;2.6
9411;Ivry-sur-Seine;4.5
9412;Le Kremlin-Bicêtre;3.2
9413;Maisons-Alfort;4.5
9414;Nogent-sur-Marne;4.1
9415;Orly;2.7
9416;Plateau briard;3.3
9418;Saint-Maur-des-Fossés-2;5.1
9419;Thiais;2.8
9420;Villejuif;2.1
9421;Villeneuve-Saint-Georges;3.8
9422;Villiers-sur-Marne;3.8
9423;Vincennes;3.5
9493;Champigny-sur-Marne;4.9
9494;Créteil;5.1
9495;Nogent-sur-Marne;3.9
9496;Saint-Maur-des-Fossés;6.2
9497;Villeneuve-Saint-Georges;3.5
9498;Vincennes;3.6
9499;Vitry-sur-Seine;2.9
9501;Argenteuil-1;2.5
9503;Argenteuil-3;2.1
9504;Cergy-1;2.9
9505;Cergy-2;2.8
9506;Deuil-la-Barre;2.4
9507;Domont;2.5
9508;Ermont;2.5
9509;Fosses;2.3
9510;Franconville;2.6
9511;Garges-lès-Gonesse;2.1
9512;Goussainville;1.7
9513;Herblay-sur-Seine;3
9514;L'Isle-Adam;2.4
9515;Montmorency;2.3
9516;Pontoise;1.8
9517;Saint-Ouen-l'Aumône;3
9518;Sarcelles;2.3
9519;Taverny;3
9520;Vauréal;2
9521;Villiers-le-Bel;2.6
95250;Fosses;2.2
95351;Louvres;2
95355;Magny-en-Vexin;1.8
95370;Marines;1.3
95652;Viarmes;2.6
9598;Argenteuil;1.7
9599;Cergy;3.1
97100;Basse-Terre;3.6
97106;Bouillante;2.5
97107;Capesterre-Belle-Eau;2
97109;Lamentin;3.7
97111;Le Moule;3.5
97112;Grand-Bourg;3.8
97113;Petit-Bourg;2.3
97114;Petit-Canal;2.6
97115;Pointe-à-Pitre;4.9
97116;Saint-François;3.3
97120;Trois-Rivières;3.5
97121;Vieux-Habitants;3.5
97122;Port-Louis;1.7
97129;Sainte-Rose;2.5
97193;Les Abymes;4.1
97194;Baie-Mahault;4.8
97196;Le Gosier;3.4
97197;Petit-Bourg;2.7
97198;Sainte-Anne;3.4
97201;L'Ajoupa-Bouillon;2.5
97202;Les Anses-d'Arlet;2.5
97203;Basse-Pointe;1.6
97205;Case-Pilote;2.5
97206;Le Diamant;2.8
97207;Ducos;3.9
97209;Fort-de-France;4.7
97210;Le François;2.6
97211;Grand'Rivière;0.3
97212;Gros-Morne;2.8
97213;Le Lamentin;4.9
97214;Le Lorrain;2.5
97215;Macouba;1
97216;Le Marigot;3
97217;Le Marin;3.6
97220;Rivière-Pilote;3.7
97221;Rivière-Salée;4.1
97222;Le Robert;3.8
97223;Saint-Esprit;3.6
97224;Saint-Joseph;2.6
97225;Saint-Pierre;2.7
97226;Sainte-Anne;1.9
97227;Sainte-Luce;2.8
97228;Sainte-Marie;3.5
97229;Schœlcher;3.3
97230;La Trinité;3.3
97231;Les Trois-Îlets;2.8
97232;Le Vauclin;2.4
97234;Bellefontaine;1.8
97301;Régina;0
97302;Cayenne;2.8
97304;Kourou;2.1
97305;Macouria;2.1
97306;Mana;1.5
97307;Matoury;2.2
97308;Saint-Georges;1.6
97309;Remire-Montjoly;2.8
97310;Roura;0.4
97311;Saint-Laurent-du-Maroni;1.6
97313;Montsinéry-Tonnegrande;0.7
97314;Ouanary;0
97352;Saül;0
97353;Maripasoula;0
97356;Camopi;0
97357;Grand-Santi;0
97360;Apatou;0.5
97361;Awala-Yalimapo;1
97362;Papaichton;0
97402;Le Port;5.9
97403;La Possession;5.5
97404;L'Étang-Salé;3.7
97406;Saint-André-3;4.2
97407;Saint-Benoît-1;2.8
97408;Saint-Benoît-2;5
97414;Saint-Leu;5
97416;Saint-Louis-2;3.2
97420;Sainte-Suzanne;3.8
97422;Saint-Pierre-3;4.2
97423;Sainte-Marie;4.8
97491;Saint-André;4.6
97492;Saint-Benoît;3.7
97493;Saint-Denis;4.9
97494;Saint-Joseph;5.1
97495;Saint-Leu;5.3
97496;Saint-Louis;8.7
97497;Saint-Paul;6.9
97498;Saint-Pierre;6.4
97499;Le Tampon;5.5
976ZZ;Mayotte;N/A - résultat non disponible
977ZZ;St-Barthélémy;N/A - résultat non disponible
978ZZ;St-Martin;N/A - résultat non disponible