code;libelle;apl_generaliste;taux_pauvrete
01004;Ambérieu-en-Bugey;3.0;11.1
01033;Valserhône;1.8;13.0
01034;Belley;3.3;12.5
01072;Ceyzériat;3.0;7.4
01093;Châtillon-sur-Chalaronne;2.0;8.0
01138;Culoz-Béon;3.5;10.5
01143;Divonne-les-Bains;2.1;7.8
01173;Gex;2.4;9.4
01185;Plateau d'Hauteville;1.5;12.2
01202;Lagnieu;2.8;7.9
01244;Meximieux;2.8;6.2
01265;Montréal-la-Cluse;1.8;13.6
01266;Montrevel-en-Bresse;2.5;7.3
01304;Pont-d'Ain;3.6;10.2
01305;Pont-de-Vaux;2.2;9.7
01333;Saint-André-de-Corcy;3.2;5.0
01443;Villars-les-Dombes;2.9;7.6
01457;Vonnas;2.0;8.5
02095;Bohain-en-Vermandois;3.1;23.2
02163;Charly-sur-Marne;1.6;12.5
02168;Château-Thierry;3.4;15.7
02173;Chauny;2.4;17.8
02305;Fère-en-Tardenois;2.7;16.9
02360;Villeneuve-sur-Aisne;3.4;8.3
02361;Guise;3.9;21.9
02381;Hirson;3.3;25.9
02408;Laon;2.9;18.6
02468;Marle;3.3;21.1
02502;Montcornet;3.2;21.2
02558;Le Nouvion-en-Thiérache;3.5;20.1
02738;Tergnier;2.4;20.1
02789;Vervins;2.8;21.5
02810;Villers-Cotterêts;2.2;11.9
03036;Bourbon-l'Archambault;3.2;18.6
03082;Commentry;3.3;15.9
03102;Dompierre-sur-Besbre;2.9;13.9
03118;Gannat;3.1;12.6
03138;Lapalisse;1.9;19.9
03186;Montmarault;2.4;19.3
03254;Saint-Pourçain-sur-Sioule;3.2;13.1
03298;Varennes-sur-Allier;2.9;15.0
04019;Barcelonnette;5.2;16.3
04049;Château-Arnoux-Saint-Auban;3.9;15.4
04070;Digne-les-Bains;2.3;16.5
04088;Forcalquier;3.4;18.6
04094;Gréoux-les-Bains;4.0;13.6
04143;Oraison;3.6;13.8
04166;Riez;3.9;19.2
04173;Saint-André-les-Alpes;4.3;21.2
04209;Sisteron;3.5;16.7
05006;L'Argentière-la-Bessée;3.9;16.5
05023;Briançon;6.1;14.1
05040;Chorges;3.7;14.2
05046;Embrun;5.5;14.3
05065;Guillestre;6.7;15.0
05070;Laragne-Montéglin;2.1;17.2
05132;Saint-Bonnet-en-Champsaur;5.7;15.2
05170;Tallard;3.4;13.3
05179;Veynes;4.2;20.1
06099;Puget-Théniers;2.4;19.5
07010;Annonay;3.1;13.0
07042;Bourg-Saint-Andéol;2.1;18.0
07064;Le Cheylard;4.7;14.8
07129;Lamastre;2.5;19.3
07186;Privas;1.9;14.0
07201;Ruoms;3.8;15.0
07330;Vallon-Pont-d'Arc;3.3;16.4
07334;Les Vans;3.8;22.6
07338;Vernoux-en-Vivarais;2.8;20.7
07341;Villeneuve-de-Berg;2.5;15.6
07349;La Voulte-sur-Rhône;2.5;12.0
08090;Carignan;2.9;20.9
08185;Fumay;2.6;21.1
08190;Givet;3.4;19.8
08302;Monthermé;2.3;18.0
08328;Nouzonville;2.5;22.5
08362;Rethel;3.7;14.1
08363;Revin;3.0;21.4
08409;Sedan;3.3;20.7
08490;Vouziers;3.8;17.3
09122;Foix;4.4;18.7
09160;Lavelanet;3.1;22.1
09167;Lézat-sur-Lèze;4.2;15.4
09185;Mazères;3.5;13.0
09194;Mirepoix;2.5;20.3
09225;Pamiers;4.5;16.0
09261;Saint-Girons;3.3;23.5
09282;Saverdun;3.0;13.5
09306;Tarascon-sur-Ariège;3.4;18.5
10003;Aix-Villemaur-Pâlis;2.2;13.6
10006;Arcis-sur-Aube;2.5;11.9
10033;Bar-sur-Aube;2.3;16.1
10034;Bar-sur-Seine;2.5;14.4
10064;Brienne-le-Château;3.1;13.0
10268;Nogent-sur-Seine;2.3;13.5
10323;Romilly-sur-Seine;2.7;18.4
11049;Bram;2.8;17.4
11076;Castelnaudary;2.9;16.3
11106;Coursan;3.3;17.3
11203;Lézignan-Corbières;3.7;21.5
11206;Limoux;2.9;20.4
11266;Port-la-Nouvelle;3.1;23.1
11304;Quillan;2.7;29.6
11379;Sigean;3.3;19.0
11397;Trèbes;4.1;21.2
12052;Capdenac-Gare;2.6;13.2
12056;Baraqueville;3.0;10.1
12089;Decazeville;3.5;18.3
12096;Espalion;3.8;13.6
12119;Laguiole;3.9;19.1
12120;Laissac-Sévérac l'Église;3.7;12.9
12138;Marcillac-Vallon;3.3;11.3
12145;Millau;3.6;15.2
12148;Montbazens;3.7;13.2
12169;Naucelle;4.3;15.3
12197;Réquista;2.5;20.7
12198;Rieupeyroux;2.9;18.2
12199;Rignac;3.5;10.6
12208;Saint-Affrique;2.6;16.4
12224;Saint Geniez d'Olt et d'Aubrac;3.1;16.8
12270;Sévérac d'Aveyron;2.8;14.1
12300;Villefranche-de-Rouergue;3.2;16.7
13022;Cassis;5.1;9.2
13035;Eyguières;3.1;10.1
13037;La Fare-les-Oliviers;4.4;7.3
13050;Lambesc;4.3;9.2
13051;Lançon-Provence;4.5;7.3
13053;Mallemort;3.7;10.1
13074;Peyrolles-en-Provence;3.5;9.5
13078;Port-Saint-Louis-du-Rhône;3.9;21.2
13080;Le Puy-Sainte-Réparade;3.7;9.1
13084;La Roque-d'Anthéron;3.4;14.0
13088;Le Rove;5.2;8.8
13096;Saintes-Maries-de-la-Mer;7.6;20.8
13097;Saint-Martin-de-Crau;4.1;11.6
13100;Saint-Rémy-de-Provence;4.2;16.2
13104;Sausset-les-Pins;3.3;6.3
13105;Sénas;5.0;13.0
14020;Argences;3.1;9.1
14027;Les Monts d'Aunay;3.2;12.3
14047;Bayeux;3.5;10.4
14174;Condé-en-Normandie;3.5;13.6
14191;Courseulles-sur-Mer;3.8;7.5
14228;Douvres-la-Délivrande;4.2;6.5
14257;Évrecy;3.0;5.0
14258;Falaise;3.9;11.7
14333;Honfleur;3.5;11.6
14342;Isigny-sur-Mer;3.1;15.7
14371;Livarot-Pays-d'Auge;1.9;16.6
14431;Mézidon Vallée d'Auge;2.8;13.4
14478;Orbec;2.1;16.0
14488;Ouistreham;3.5;8.2
14514;Pont-l'Évêque;3.3;10.5
14654;Saint-Pierre-en-Auge;3.0;13.0
14689;Thury-Harcourt-le-Hom;2.8;9.4
14712;Troarn;5.2;7.3
14752;Villers-Bocage;3.5;9.9
14762;Vire Normandie;3.1;14.1
15119;Massiac;2.0;18.1
15120;Mauriac;4.1;17.3
15122;Maurs;2.6;16.9
15138;Murat;3.0;17.6
15162;Riom-ès-Montagnes;2.5;18.2
15187;Saint-Flour;3.6;14.5
15258;Vic-sur-Cère;5.2;12.1
16028;Barbezieux-Saint-Hilaire;2.6;14.6
16070;Chabanais;2.9;17.7
16073;Chalais;2.4;20.2
16078;Champniers;3.5;7.9
16085;Chasseneuil-sur-Bonnieure;2.7;18.9
16090;Châteauneuf-sur-Charente;2.1;11.2
16102;Cognac;3.7;12.0
16106;Confolens;3.5;22.5
16167;Jarnac;3.2;10.7
16206;Mansle-les-Fontaines;3.9;16.7
16281;La Rochefoucauld-en-Angoumois;3.2;13.1
16292;Ruffec;3.1;19.5
16366;Segonzac;2.6;10.9
17003;Aigrefeuille-d'Aunis;3.6;7.6
17024;Aulnay;2.3;18.5
17093;Le Château-d'Oléron;3.6;13.3
17131;Cozes;2.8;13.2
17140;Dolus-d'Oléron;4.5;12.1
17161;La Flotte;4.6;9.1
17168;Fouras;3.6;9.1
17172;Gémozac;3.7;12.9
17197;Jonzac;3.4;16.5
17218;Marans;3.1;10.1
17219;Marennes-Hiers-Brouage;3.7;13.3
17224;Matha;2.9;17.0
17236;Mirambeau;3.1;20.6
17240;Montendre;3.2;16.1
17241;Montguyon;2.9;17.2
17283;Pons;3.6;13.3
17347;Saint-Jean-d'Angély;3.1;15.5
17385;Saint-Pierre-d'Oléron;3.5;13.0
17397;Saint-Savinien;3.9;14.1
17421;Saujon;3.4;12.2
17434;Surgères;3.7;11.3
17452;La Tremblade;2.7;11.4
18015;Aubigny-sur-Nère;2.5;13.6
18057;Châteaumeillant;2.0;21.3
18087;Dun-sur-Auron;1.2;12.6
18108;La Guerche-sur-l'Aubois;2.0;17.3
18109;Henrichemont-Menetou-Salon;1.8;14.5
18127;Lignières;1.1;16.5
18141;Mehun-sur-Yèvre;2.3;9.1
18197;Saint-Amand-Montrond;1.9;16.7
18207;Saint-Florent-sur-Cher;2.0;11.8
18223;Saint-Martin-d'Auxigny;1.9;8.6
18242;Sancoins;2.2;21.1
18279;Vierzon;1.8;18.3
19010;Argentat-sur-Dordogne;4.6;16.7
19028;Bort-les-Orgues;3.2;15.6
19073;Égletons;7.5;16.2
19121;Lubersac;3.2;15.7
19138;Meyssac;3.6;14.7
19153;Objat;2.9;13.0
19255;Seilhac;2.9;11.0
19272;Tulle;2.8;12.6
19275;Ussel;2.3;14.3
19276;Uzerche;2.5;14.9
21023;Arnay-le-Duc;4.3;13.1
21038;Auxonne;2.4;10.6
21054;Beaune;4.4;9.3
21154;Châtillon-sur-Seine;2.5;16.1
21292;Genlis;3.3;7.2
21317;Is-sur-Tille;3.3;9.1
21416;Mirebeau-sur-Bèze;3.0;8.4
21425;Montbard;3.5;14.2
21464;Nuits-Saint-Georges;3.4;6.4
21501;Pouilly-en-Auxois;3.2;9.9
21584;Saulieu;2.5;16.3
21603;Semur-en-Auxois;3.3;12.4
21607;Seurre;2.8;9.2
21663;Venarey-les-Laumes;2.2;14.1
22004;Bégard;3.3;13.1
22020;Broons;3.5;12.5
22025;Callac;2.9;22.3
22050;Dinan;3.7;9.9
22054;Erquy;3.4;9.5
22055;Binic-Étables-sur-Mer;3.2;8.3
22070;Guingamp;2.9;14.9
22093;Lamballe-Armor;2.9;9.5
22121;Lanvollon;2.9;11.7
22136;Loudéac;2.6;13.1
22143;Matignon;2.9;8.7
22147;Merdrignac;3.0;15.5
22162;Paimpol;3.5;11.3
22172;Plancoët;3.0;10.6
22186;Pléneuf-Val-André;3.1;8.6
22194;Plestin-les-Grèves;3.0;11.6
22203;Plœuc-L'Hermitage;1.4;10.4
22206;Châtelaudren-Plouagat;2.8;9.5
22222;Plouha;3.0;10.9
22262;Quintin;2.2;8.8
22266;Rostrenen;3.1;19.5
22362;Tréguier;3.5;13.1
23008;Aubusson;3.6;21.5
23013;Auzances;2.5;22.3
23025;Bonnat;2.8;19.5
23030;Bourganeuf;2.9;24.4
23031;Boussac;2.4;22.7
23075;Dun-le-Palestel;2.5;18.1
23076;Évaux-les-Bains;2.9;18.0
23096;Guéret;2.9;16.9
23176;La Souterraine;2.9;18.9
24064;Brantôme en Périgord;3.1;14.0
24067;Le Bugue;3.2;19.0
24164;Excideuil;3.1;17.7
24167;Eymet;2.1;19.8
24223;Lalinde;2.5;16.7
24291;Montignac-Lascaux;3.1;21.1
24294;Montpon-Ménestérol;2.9;17.0
24299;Mussidan;3.1;17.3
24309;Neuvic;2.3;15.0
24311;Nontron;2.9;20.3
24352;Ribérac;2.4;19.8
24372;Saint-Astier;2.3;13.7
24396;Saint-Cyprien;3.8;20.9
24520;Sarlat-la-Canéda;3.5;15.6
24547;Terrasson-Lavilledieu;3.1;17.6
24551;Thiviers;3.9;17.6
24571;Vergt;2.9;16.3
25047;Baume-les-Dames;5.2;11.7
25315;L'Isle-sur-le-Doubs;3.7;14.1
25356;Maîche;2.7;6.9
25411;Morteau;3.6;5.6
25434;Ornans;4.1;8.5
25462;Pontarlier;3.3;7.1
25463;Pont-de-Roide-Vermondans;2.8;7.7
25495;Roche-lez-Beaupré;4.6;8.3
25512;Le Russey;2.2;5.6
25527;Saint-Vit;5.0;7.9
25532;Saône;3.8;6.3
25578;Valdahon;4.1;8.3
26037;Beaumont-lès-Valence;3.4;7.1
26063;Buis-les-Baronnies;2.8;23.0
26064;Chabeuil;3.3;8.5
26108;Crest;3.3;14.5
26113;Die;3.7;21.8
26114;Dieulefit;3.8;19.4
26116;Donzère;2.8;12.5
26165;Livron-sur-Drôme;3.1;11.8
26176;Marsanne;2.7;11.2
26220;Nyons;3.5;19.6
26235;Pierrelatte;3.2;20.6
26301;Saint-Donat-sur-l'Herbasse;2.8;10.2
26307;Saint-Jean-en-Royans;3.6;12.4
26324;Saint-Paul-Trois-Châteaux;3.1;11.9
26325;Saint-Rambert-d'Albon;2.7;14.0
26333;Saint-Vallier;2.3;13.9
27016;Les Andelys;2.3;12.2
27051;Beaumont-le-Roger;2.9;12.0
27056;Bernay;2.5;14.0
27065;Beuzeville;3.3;10.8
27103;Bourg-Achard;3.1;7.0
27112;Breteuil;2.1;13.6
27116;Brionne;2.7;12.0
27165;Conches-en-Ouche;1.5;10.3
27170;Cormeilles;2.6;11.3
27198;Mesnils-sur-Iton;1.3;8.3
27226;Étrépagny;2.2;10.5
27246;Fleury-sur-Andelle;3.6;9.4
27275;Gaillon;2.4;11.4
27284;Gisors;1.7;11.9
27306;Guichainville;2.9;7.1
27428;Le Neubourg;2.5;7.9
27448;Pacy-sur-Eure;1.5;7.0
27467;Pont-Audemer;3.0;12.7
27469;Pont-de-l'Arche;4.0;8.5
27507;Saint-André-de-l'Eure;2.4;9.8
27679;Verneuil d'Avre et d'Iton;2.9;15.5
28007;Anet;2.0;6.9
28015;Auneau-Bleury-Saint-Symphorien;2.2;6.7
28051;Bonneval;1.7;9.0
28061;Brou;2.0;12.8
28088;Châteaudun;2.8;16.9
28089;Châteauneuf-en-Thymerais;2.2;7.7
28103;Cloyes-les-Trois-Rivières;2.5;10.7
28116;Courville-sur-Eure;1.9;7.3
28140;Épernon;2.7;6.5
28196;Illiers-Combray;1.7;8.0
28199;Janville-en-Beauce;2.2;9.6
28214;La Loupe;2.8;14.5
28227;Maintenon;2.5;5.7
28279;Nogent-le-Roi;2.2;8.1
28280;Nogent-le-Rotrou;2.5;13.7
28373;Senonches;2.8;13.0
28422;Les Villages Vovéens;2.7;9.0
29004;Bannalec;3.2;10.2
29020;Briec;3.4;9.8
29024;Carhaix-Plouguer;3.2;15.9
29026;Châteaulin;3.6;11.3
29027;Châteauneuf-du-Faou;3.1;17.1
29039;Concarneau;4.3;10.5
29042;Crozon;4.6;10.7
29046;Douarnenez;3.9;11.9
29053;Le Faou;3.9;6.7
29058;Fouesnant;3.8;6.9
29069;Guilers;4.8;5.7
29103;Landerneau;4.5;7.1
29105;Landivisiau;3.6;10.9
29113;Lanmeur;3.4;10.7
29124;Lesneven;3.7;8.7
29147;Mellac;4.0;6.6
29150;Moëlan-sur-Mer;3.9;8.7
29151;Morlaix;3.7;12.3
29160;Plabennec;4.1;6.4
29162;Pleyben;3.5;13.6
29174;Plonéour-Lanvern;3.6;9.5
29178;Ploudalmézeau;3.8;7.1
29195;Plouguerneau;3.1;7.8
29197;Plouhinec;4.8;12.4
29199;Plouigneau;3.4;14.2
29218;Pont-Croix;5.6;11.6
29220;Pont-l'Abbé;4.4;9.0
29233;Quimperlé;4.4;9.8
29241;Rosporden;3.8;8.9
29259;Saint-Pol-de-Léon;3.8;10.5
29260;Saint-Renan;4.5;5.4
29274;Scaër;2.6;14.1
2A041;Bonifacio;3.5;17.8
2A130;Grosseto-Prugna;3.8;14.1
2A247;Porto-Vecchio;5.6;19.0
2A249;Propriano;3.6;19.7
2A272;Sartène;4.0;23.9
2B042;Borgo;4.4;19.6
2B050;Calvi;3.9;19.7
2B096;Corte;3.0;21.1
2B123;Ghisonaccia;3.0;26.2
2B134;L'Île-Rousse;3.4;20.8
2B207;Penta-di-Casinca;3.7;22.3
2B251;Prunelli-di-Fiumorbo;5.2;18.4
2B298;Saint-Florent;5.7;19.7
30003;Aigues-Mortes;3.8;15.5
30006;Aimargues;5.1;12.1
30028;Bagnols-sur-Cèze;2.7;17.9
30029;Barjac;2.3;20.6
30034;Bellegarde;3.6;14.9
30037;Bessèges;4.2;31.8
30047;Bouillargues;4.3;12.4
30061;La Calmette;3.6;14.7
30062;Calvisson;3.9;9.0
30132;La Grand-Combe;2.7;30.6
30155;Manduel;3.6;13.5
30202;Pont-Saint-Esprit;2.5;18.3
30210;Quissac;4.8;17.4
30212;Remoulins;4.0;13.9
30217;Rochefort-du-Gard;2.9;9.9
30221;Roquemaure;2.5;14.1
30255;Saint-Geniès-de-Malgoirès;3.1;14.6
30258;Saint-Gilles;2.4;26.8
30263;Saint-Hippolyte-du-Fort;2.9;25.0
30269;Saint-Jean-du-Gard;3.6;29.1
30321;Sommières;3.1;13.4
30334;Uzès;3.9;17.1
30341;Vauvert;3.4;18.5
30344;Vergèze;5.0;10.3
30350;Le Vigan;3.4;25.9
31033;Auterive;3.8;12.0
31042;Bagnères-de-Luchon;5.8;15.4
31066;Bessières;2.9;8.2
31080;Boulogne-sur-Gesse;3.1;21.4
31106;Caraman;2.4;8.9
31107;Carbonne;4.2;15.9
31135;Cazères;3.2;16.2
31202;Fronton;3.2;10.0
31232;Grenade;3.5;10.6
31239;L'Isle-en-Dodon;3.1;21.4
31324;Martres-Tolosane;4.6;14.0
31358;Montastruc-la-Conseillère;5.1;6.2
31390;Montréjeau;2.7;17.6
31396;Nailloux;4.8;9.2
31399;Noé;5.3;9.7
31451;Revel;3.7;15.1
31454;Rieumes;2.9;8.6
31483;Saint-Gaudens;3.1;18.6
31499;Saint-Lys;3.0;8.4
31523;Salies-du-Salat;3.0;15.6
31573;Verfeil;3.3;6.0
31574;Vernet;4.6;7.1
31582;Villefranche-de-Lauragais;4.8;7.5
31584;Villemur-sur-Tarn;2.7;12.0
32013;Auch;3.4;14.1
32096;Cazaubon;2.2;19.8
32107;Condom;3.5;18.9
32119;Eauze;3.8;19.6
32132;Fleurance;3.9;15.1
32147;Gimont;3.5;12.7
32160;L'Isle-Jourdain;2.7;8.5
32208;Lectoure;4.5;16.4
32233;Marciac;2.6;19.6
32242;Masseube;4.1;17.5
32249;Mauvezin;3.1;14.1
32256;Mirande;3.3;17.3
32296;Nogaro;3.4;18.9
32319;Plaisance;2.7;19.9
32344;Riscle;2.5;15.1
32410;Samatan;5.1;11.9
32462;Vic-Fezensac;3.0;17.3
33005;Andernos-les-Bains;4.8;7.5
33011;Arès;5.3;7.7
33036;Bazas;4.0;15.2
33042;Belin-Béliet;3.7;8.2
33051;Biganos;4.3;7.3
33058;Blaye;3.1;17.5
33081;Cadillac-sur-Garonne;4.6;12.5
33104;Castelnau-de-Médoc;4.6;8.0
33108;Castillon-la-Bataille;3.2;19.7
33114;Cavignac;3.4;13.7
33138;Coutras;2.9;18.1
33140;Créon;3.3;9.0
33203;Hourtin;3.9;12.0
33213;La Brède;2.7;5.0
33214;Lacanau;5.8;10.7
33227;Langon;4.9;13.0
33236;Lège-Cap-Ferret;4.9;9.6
33240;Lesparre-Médoc;3.9;16.1
33314;Pauillac;3.9;13.4
33327;Podensac;3.8;7.8
33352;La Réole;3.4;20.7
33478;Saint-Seurin-sur-l'Isle;2.8;17.1
33498;Salles;3.0;6.1
33506;Sauveterre-de-Guyenne;3.5;17.4
33514;Soulac-sur-Mer;4.0;15.9
34003;Agde;3.6;21.9
34022;Baillargues;5.4;9.6
34028;Bédarieux;3.4;22.7
34031;Bessan;4.1;17.2
34052;Capestang;3.1;18.5
34058;Castries;3.8;7.1
34079;Clermont-l'Hérault;3.8;18.2
34111;Ganges;4.3;18.0
34114;Gignac;4.7;15.4
34126;Lamalou-les-Bains;4.1;21.1
34142;Lodève;2.7;24.2
34147;Magalas;3.1;14.9
34150;Marseillan;3.5;20.0
34154;Mauguio;4.8;10.7
34157;Mèze;3.1;16.2
34162;Montagnac;3.9;26.5
34189;Olonzac;2.6;23.9
34192;Palavas-les-Flots;4.5;16.2
34194;Paulhan;3.1;15.9
34199;Pézenas;3.9;19.5
34202;Pignan;4.0;11.5
34239;Saint-André-de-Sangonis;5.1;14.8
34245;Saint-Chinian;3.2;21.5
34276;Saint-Mathieu-de-Tréviers;3.8;8.4
34284;Saint-Pons-de-Thomières;3.8;29.5
34299;Sérignan;3.4;16.1
34300;Servian;3.9;15.7
34332;Vias;3.3;22.6
35006;Argentré-du-Plessis;3.3;6.5
35012;Bain-de-Bretagne;2.9;8.8
35037;Bréal-sous-Montfort;3.4;6.3
35068;Châteaubourg;3.6;5.0
35069;Châteaugiron;3.4;5.0
35085;Combourg;3.6;11.2
35095;Dol-de-Bretagne;3.3;10.2
35115;Fougères;2.3;11.2
35125;La Guerche-de-Bretagne;2.8;9.7
35126;Guichen;2.8;5.9
35136;Janzé;3.4;7.2
35152;Liffré;3.9;5.5
35162;Louvigné-du-Désert;1.8;14.5
35168;Val d'Anast;3.3;10.1
35176;Guipry-Messac;2.6;9.5
35177;La Mézière;3.9;5.9
35184;Montauban-de-Bretagne;4.3;7.7
35188;Montfort-sur-Meu;3.4;6.3
35196;Mordelles;4.0;7.6
35207;Noyal-sur-Vilaine;4.6;5.8
35219;Pipriac;2.4;10.5
35223;Plélan-le-Grand;2.9;9.4
35236;Redon;2.8;13.2
35239;Retiers;2.5;10.1
35240;Le Rheu;4.2;10.1
35251;Saint-Aubin-d'Aubigné;2.9;6.7
35253;Saint-Aubin-du-Cormier;3.4;6.2
35257;Maen Roch;3.3;11.2
35297;Saint-Méen-le-Grand;3.3;11.4
35337;Tinténiac;3.6;8.0
35352;Vern-sur-Seiche;4.6;7.7
35360;Vitré;3.0;8.6
36001;Aigurande;2.0;21.2
36006;Argenton-sur-Creuse;2.5;17.1
36018;Le Blanc;2.8;15.6
36031;Buzançais;2.3;12.9
36045;Châtillon-sur-Indre;3.7;15.5
36046;La Châtre;2.9;16.4
36088;Issoudun;2.2;13.1
36093;Levroux;2.0;11.1
36228;Valençay;2.3;14.3
37011;Avoine;4.9;10.4
37014;Azay-le-Rideau;3.9;7.6
37031;Bourgueil;4.1;13.4
37062;Château-la-Vallière;3.1;12.0
37063;Château-Renault;3.9;11.2
37072;Chinon;4.3;14.5
37104;Esvres;3.4;5.9
37115;Descartes;2.9;18.0
37119;L'Île-Bouchard;3.7;12.6
37123;Langeais;3.7;10.6
37130;Ligueil;3.4;11.9
37132;Loches;3.5;13.0
37159;Monts;3.3;5.5
37196;Richelieu;2.9;15.9
37226;Sainte-Maure-de-Touraine;3.3;12.2
38001;Les Abrets en Dauphiné;3.0;8.6
38006;Allevard;3.4;7.3
38013;Apprieu;3.4;6.7
38022;Les Avenières Veyrins-Thuellin;2.2;8.8
38034;Beaurepaire;2.2;13.1
38052;Le Bourg-d'Oisans;5.8;14.4
38085;Charvieu-Chavagneux;2.8;9.1
38130;La Côte-Saint-André;2.8;11.8
38138;Crémieu;2.6;6.3
38140;Crolles;3.5;5.7
38189;Heyrieux;2.6;5.2
38247;Montalieu-Vercieu;2.2;9.0
38269;La Mure;3.6;13.1
38314;Pontcharra;4.7;7.5
38315;Le Pont-de-Beauvoisin;2.7;9.2
38384;Saint-Étienne-de-Saint-Geoirs;3.2;10.0
38399;Saint-Jean-de-Bournay;2.6;7.6
38412;Saint-Laurent-du-Pont;3.8;9.1
38416;Saint-Marcellin;2.8;12.2
38511;Le Touvet;4.4;5.0
38517;Tullins;2.9;9.6
38545;Vif;2.0;5.5
38548;Villard-de-Lans;5.7;9.3
38557;Villette-d'Anthon;1.9;5.0
38559;Vinay;2.2;9.6
38562;Vizille;2.6;7.8
39013;Arbois;4.2;12.3
39056;Bletterans;4.1;9.8
39097;Champagnole;3.3;11.2
39128;Chaussin;2.5;11.4
39154;Clairvaux-les-Lacs;3.9;10.2
39300;Lons-le-Saunier;3.8;12.6
39333;Moirans-en-Montagne;3.6;10.6
39368;Hauts de Bienne;2.7;11.7
39397;Orgelet;3.2;8.3
39434;Poligny;3.3;11.2
39470;Les Rousses;3.4;5.4
39475;Saint-Amour;2.1;11.5
39478;Saint-Claude;3.2;13.4
39487;Saint-Laurent-en-Grandvaux;2.8;8.4
39500;Salins-les-Bains;4.1;11.1
39526;Tavaux;3.9;8.7
40001;Aire-sur-l'Adour;3.8;13.8
40046;Biscarrosse;4.9;9.5
40065;Capbreton;5.8;11.8
40075;Castets;3.6;10.7
40119;Hagetmau;3.4;11.7
40133;Labenne;6.2;8.6
40184;Mimizan;3.8;12.5
40194;Montfort-en-Chalosse;3.2;12.6
40197;Morcenx-la-Nouvelle;3.9;12.2
40217;Parentis-en-Born;4.3;11.0
40224;Peyrehorade;3.5;12.2
40233;Pouillon;3.5;11.1
40245;Roquefort;3.1;12.4
40282;Saint-Sever;3.1;9.4
40284;Saint-Vincent-de-Tyrosse;5.5;9.5
40296;Seignosse;5.6;10.8
40310;Soustons;4.7;11.2
40313;Tartas;3.5;11.7
41059;Le Controis-en-Sologne;3.0;9.6
41106;Lamotte-Beuvron;3.2;10.6
41136;Mer;2.6;10.9
41143;Mondoubleau;0.8;15.0
41149;Montoire-sur-le-Loir;2.7;10.4
41151;Montrichard Val de Cher;3.3;10.9
41167;Veuzain-sur-Loire;3.0;9.4
41173;Beauce la Romaine;1.3;7.2
41194;Romorantin-Lanthenay;2.8;15.8
41198;Saint-Aignan;2.9;14.7
41232;Salbris;1.8;12.5
41242;Selles-sur-Cher;2.5;14.7
41269;Vendôme;2.3;12.3
42011;Balbigny;2.9;10.4
42019;Boën-sur-Lignon;2.9;12.4
42023;Bourg-Argental;2.6;13.0
42052;Charlieu;2.2;10.4
42059;Chazelles-sur-Lyon;3.4;9.2
42094;Feurs;3.3;11.8
42147;Montbrison;3.2;10.3
42149;Montrond-les-Bains;3.5;7.1
42165;Panissières;2.6;10.9
42168;Pélussin;2.5;7.9
42204;Saint-Bonnet-le-Château;3.1;10.4
42230;Saint-Germain-Laval;2.5;13.4
43040;Brioude;3.0;16.3
43051;Le Chambon-sur-Lignon;4.5;17.9
43080;Craponne-sur-Arzon;3.4;15.9
43087;Dunières;3.9;11.2
43112;Langeac;2.9;16.3
43137;Monistrol-sur-Loire;4.0;7.7
43162;Retournac;2.9;14.3
43200;Saint-Julien-Chapteuil;2.8;10.4
43216;Saint-Paulien;3.0;13.0
43224;Sainte-Sigolène;3.2;8.0
43234;Saugues;0.1;19.0
43244;Tence;4.2;13.7
43268;Yssingeaux;3.3;10.5
44002;Aigrefeuille-sur-Maine;3.0;5.1
44003;Ancenis-Saint-Géréon;2.7;8.6
44015;Blain;3.0;8.4
44036;Châteaubriant;2.9;14.7
44043;Clisson;3.9;5.9
44051;Derval;2.3;12.3
44067;Guémené-Penfao;1.9;14.2
44072;Herbignac;3.1;8.5
44073;Héric;3.9;6.3
44081;Legé;2.8;8.7
44082;Ligné;2.5;5.0
44084;Le Loroux-Bottereau;3.7;6.0
44087;Machecoul-Saint-Même;2.8;9.1
44110;Nort-sur-Erdre;2.6;7.7
44113;Nozay;3.1;10.3
44120;Le Pellerin;3.3;6.1
44129;Pontchâteau;3.2;8.0
44131;Pornic;3.4;7.8
44158;Saint-Étienne-de-Montluc;2.8;5.0
44180;Vallons-de-l'Erdre;2.2;12.3
44186;Sainte-Pazanne;2.4;6.6
44188;Saint-Philbert-de-Grand-Lieu;2.9;6.2
44195;Savenay;3.4;6.2
44209;Treillières;3.2;5.0
44212;Vallet;3.4;6.2
44213;Loireauxence;2.0;10.3
45028;Beaugency;2.5;10.3
45030;Beaune-la-Rolande;1.4;12.1
45031;Bellegarde;1.3;11.6
45053;Briare;2.7;15.9
45082;Châteauneuf-sur-Loire;2.5;8.6
45085;Châtillon-Coligny;1.7;14.0
45115;Courtenay;1.3;13.7
45145;Ferrières-en-Gâtinais;1.2;10.0
45146;La Ferté-Saint-Aubin;2.5;7.2
45155;Gien;2.8;17.8
45173;Jargeau;2.9;8.0
45187;Lorris;1.6;12.3
45191;Le Malesherbois;2.2;13.1
45203;Meung-sur-Loire;2.7;6.5
45224;Neuville-aux-Bois;1.9;6.6
45248;Patay;1.5;9.1
45252;Pithiviers;1.7;13.6
45258;Puiseaux;1.8;9.9
45315;Sully-sur-Loire;2.5;12.3
46042;Cahors;3.4;14.3
46045;Cajarc;2.5;20.2
46102;Figeac;2.9;14.5
46127;Gourdon;3.2;17.4
46128;Gramat;2.8;13.3
46143;Lacapelle-Marival;3.1;15.5
46225;Prayssac;3.2;18.0
46251;Saint-Céré;3.1;14.9
46309;Souillac;3.6;15.9
46330;Vayrac;3.5;13.9
47004;Aiguillon;3.2;21.8
47052;Casteljaloux;3.4;17.1
47057;Castillonnès;2.4;21.4
47106;Fumel;2.4;20.9
47157;Marmande;3.4;17.5
47168;Miramont-de-Guyenne;2.1;19.7
47175;Monflanquin;2.9;18.5
47195;Nérac;3.4;17.3
47310;Tonneins;2.6;19.4
48034;La Canourgue;3.6;14.4
48061;Florac Trois Rivières;4.0;20.1
48080;Langogne;2.0;19.2
48092;Marvejols;1.8;13.2
48095;Mende;3.3;12.1
48140;Saint-Chély-d'Apcher;2.6;15.0
49018;Baugé-en-Anjou;3.3;11.9
49021;Beaufort-en-Anjou;3.8;8.3
49023;Beaupréau-en-Mauges;3.0;7.7
49050;Brissac Loire Aubance;4.8;6.8
49054;Candé;2.5;12.9
49063;Chalonnes-sur-Loire;4.4;8.1
49080;Les Hauts-d'Anjou;3.6;10.7
49092;Chemillé-en-Anjou;2.8;8.9
49125;Doué-en-Anjou;3.1;11.9
49126;Orée d'Anjou;2.8;6.7
49127;Durtal;2.6;10.0
49176;Le Lion-d'Angers;3.8;7.5
49180;Longué-Jumelles;2.7;13.7
49214;Montreuil-Juigné;4.0;6.3
49215;Montreuil-Bellay;2.8;13.5
49218;Montrevault-sur-Èvre;1.4;8.5
49228;Noyant-Villages;3.3;19.6
49244;Mauges-sur-Loire;4.4;8.5
49248;Ombrée d'Anjou;2.5;14.7
49261;Gennes-Val-de-Loire;3.8;11.7
49283;Saint-Georges-sur-Loire;3.9;5.5
49301;Sèvremoine;2.9;6.8
49307;Loire-Authion;3.9;5.6
49328;Saumur;3.3;14.6
49331;Segré-en-Anjou Bleu;3.8;11.3
49333;Seiches-sur-le-Loir;3.5;8.5
49345;Bellevigne-en-Layon;3.0;7.7
49347;Tiercé;3.4;6.7
49373;Lys-Haut-Layon;3.7;11.1
50003;Agon-Coutainville;3.4;9.9
50025;Avranches;3.2;10.2
50031;Barneville-Carteret;1.4;11.2
50074;Brécey;1.7;15.3
50076;Bréhal;3.8;10.5
50082;Bricquebec-en-Cotentin;2.2;9.2
50099;Carentan-les-Marais;2.7;13.3
50147;Coutances;3.7;13.3
50218;Granville;4.6;9.9
50236;La Haye;2.6;12.7
50341;Montebourg;2.8;11.5
50359;Mortain-Bocage;2.1;15.4
50394;Périers;2.9;14.1
50402;Les Pieux;2.6;7.6
50410;Pontorson;2.8;13.2
50484;Saint-Hilaire-du-Harcouët;2.6;13.5
50487;Saint-James;2.5;13.5
50502;Saint-Lô;3.3;11.6
50539;Saint-Pierre-Église;2.2;9.0
50582;Sourdeval;2.0;18.4
50601;Torigny-les-Villes;3.0;11.7
50615;Valognes;3.0;10.9
50639;Villedieu-les-Poêles-Rouffigny;2.6;14.2
51030;Aÿ-Champagne;3.8;6.7
51217;Dormans;3.1;10.7
51230;Épernay;3.8;11.9
51248;Fère-Champenoise;2.7;13.9
51250;Fismes;2.7;12.6
51380;Montmirail;3.6;14.5
51388;Mourmelon-le-Grand;4.0;9.7
51507;Sainte-Menehould;3.0;14.8
51535;Sézanne;3.1;12.8
51559;Suippes;2.3;12.9
51612;Blancs-Coteaux;3.6;8.5
51649;Vitry-le-François;3.4;15.0
52060;Bourbonne-les-Bains;2.8;18.2
52093;Chalindrey;3.3;11.5
52121;Chaumont;3.5;13.7
52197;Fayl-Billot;2.5;15.2
52250;Joinville;3.4;18.1
52269;Langres;3.2;13.6
52331;La Porte du Der;2.5;15.2
52353;Nogent;2.6;12.7
52550;Wassy;2.3;15.0
53003;Ambrières-les-Vallées;2.1;13.3
53062;Château-Gontier-sur-Mayenne;3.3;9.8
53077;Cossé-le-Vivien;2.2;9.1
53084;Craon;3.0;11.6
53096;Ernée;2.6;11.7
53097;Évron;2.6;12.8
53107;Gorron;2.6;15.6
53147;Mayenne;2.2;10.2
53152;Meslay-du-Maine;2.8;9.4
53185;Pré-en-Pail-Saint-Samson;2.1;15.0
53271;Villaines-la-Juhel;1.9;14.7
54039;Baccarat;2.7;15.8
54076;Blainville-sur-l'Eau;3.1;9.7
54099;Val de Briey;3.2;15.5
54159;Dombasle-sur-Meurthe;4.0;10.0
54273;Jarny;2.8;12.0
54280;Jœuf;3.7;17.2
54322;Longuyon;3.2;15.8
54328;Ludres;5.0;5.0
54329;Lunéville;4.5;14.9
54397;Neuves-Maisons;2.8;8.7
54431;Pont-à-Mousson;4.1;11.8
54528;Toul;4.4;12.4
54563;Vézelise;3.4;8.3
54580;Villerupt;2.7;17.2
55029;Bar-le-Duc;3.3;13.4
55122;Commercy;3.6;16.0
55181;Étain;3.9;17.7
55291;Ligny-en-Barrois;2.8;12.6
55351;Montmédy;1.4;15.4
55427;Revigny-sur-Ornain;4.6;13.7
55463;Saint-Mihiel;3.8;14.7
55502;Stenay;3.0;19.8
55533;Vaucouleurs;3.7;15.8
55545;Verdun;3.8;14.9
56001;Allaire;3.2;12.4
56003;Arradon;5.4;5.5
56007;Auray;5.0;9.6
56010;Baud;2.7;9.6
56013;Belz;4.4;9.7
56034;Carnac;4.2;8.9
56053;Elven;4.2;8.7
56057;Le Faouët;3.1;16.9
56061;La Gacilly;3.0;12.3
56066;Gourin;2.6;15.3
56067;Grand-Champ;3.4;6.8
56073;Guémené-sur-Scorff;2.5;20.4
56075;Guer;3.7;9.9
56078;Guidel;4.4;6.4
56083;Hennebont;4.7;9.6
56091;Josselin;3.3;13.3
56117;Locminé;3.3;10.3
56124;Malestroit;2.9;10.1
56127;Mauron;3.1;16.8
56143;Muzillac;4.0;8.3
56147;Nivillac;4.2;9.5
56152;Le Palais;5.7;11.2
56164;Ploeren;8.5;7.3
56165;Ploërmel;3.5;10.3
56166;Plouay;3.2;12.4
56169;Plouhinec;3.6;9.3
56177;Pluvigner;3.3;8.3
56178;Pontivy;2.9;12.5
56184;Questembert;3.6;11.0
56186;Quiberon;3.2;9.6
56193;Riantec;2.9;9.9
56240;Sarzeau;3.6;8.2
56251;Theix-Noyalo;5.1;7.1
57089;Bitche;2.2;12.7
57097;Boulay-Moselle;3.4;11.2
57106;Bouzonville;2.4;14.2
57132;Château-Salins;4.2;10.7
57160;Creutzwald;3.4;16.1
57177;Dieuze;3.1;15.0
57207;Farébersviller;3.3;18.3
57209;Faulquemont;3.0;12.7
57269;Guénange;5.2;10.3
57323;Hettange-Grande;2.3;9.3
57413;Longeville-lès-Saint-Avold;3.7;10.3
57443;Marange-Silvange;4.0;10.0
57483;Morhange;2.4;15.6
57540;Phalsbourg;3.3;9.4
57556;Puttelange-aux-Lacs;3.0;12.8
57572;Rémilly;4.0;7.3
57589;Rohrbach-lès-Bitche;2.8;8.4
57628;Sarralbe;3.6;12.4
57630;Sarrebourg;3.4;12.8
57631;Sarreguemines;3.6;14.7
58059;La Charité-sur-Loire;1.6;14.6
58062;Château-Chinon (Ville);2.0;19.5
58079;Clamecy;2.3;17.5
58083;Corbigny;2.9;16.5
58086;Cosne-Cours-sur-Loire;2.6;14.4
58095;Decize;2.3;15.6
58134;Imphy;1.7;13.9
58149;Luzy;5.2;18.2
58218;Prémery;2.1;17.1
58264;Saint-Pierre-le-Moûtier;2.3;19.4
59011;Annœullin;3.8;10.0
59015;Arleux;3.0;11.5
59036;Avesnes-sur-Helpe;3.6;20.3
59037;Avesnes-les-Aubert;3.0;17.3
59053;Bavay;2.8;13.8
59067;Bergues;3.1;10.8
59094;Bourbourg;2.9;15.7
59107;Bray-Dunes;2.5;11.3
59136;Le Cateau-Cambrésis;3.3;26.3
59139;Caudry;3.2;21.2
59168;Cysoing;3.8;6.5
59239;Flines-lez-Raches;3.1;9.0
59249;Fourmies;3.1;31.6
59295;Hazebrouck;3.8;13.2
59331;Landrecies;3.4;19.9
59375;Marchiennes;4.3;9.7
59449;Orchies;5.4;8.1
59462;Phalempin;5.3;5.5
59466;Pont-à-Marcq;4.9;5.8
59481;Le Quesnoy;3.3;13.0
59571;Solesmes;3.0;18.2
59580;Steenvoorde;4.0;10.6
59601;Trélon;2.3;21.4
59653;Wavrin;4.8;8.3
59663;Wormhout;3.1;9.6
60103;Bresles;2.5;8.6
60104;Breteuil;4.1;13.5
60143;Chaumont-en-Vexin;1.1;7.1
60157;Clermont;2.4;8.3
60176;Crépy-en-Valois;3.0;8.3
60178;Crèvecœur-le-Grand;3.6;12.3
60223;Estrées-Saint-Denis;2.6;6.2
60245;Formerie;2.9;16.6
60286;Grandvilliers;3.6;13.4
60395;Méru;1.6;10.5
60471;Noyon;3.1;18.1
60500;Le Plessis-Belleville;2.2;5.8
60509;Pont-Sainte-Maxence;2.9;13.1
60533;Ressons-sur-Matz;2.4;9.0
60581;Saint-Just-en-Chaussée;3.0;11.8
60612;Senlis;3.1;8.7
60667;Verberie;3.1;8.0
61006;Argentan;2.8;16.1
61038;Bellême;2.7;12.2
61145;Domfront en Poiraie;2.1;15.9
61168;La Ferté Macé;2.7;13.8
61169;Flers;2.7;15.1
61181;Gacé;2.7;19.1
61214;L'Aigle;2.6;16.5
61293;Mortagne-au-Perche;3.4;15.4
61464;Sées;3.2;14.0
61486;Tinchebray-Bocage;2.4;14.3
61508;Vimoutiers;2.1;19.2
62038;Ardres;1.7;13.3
62045;Aubigny-en-Artois;3.6;8.6
62057;Audruicq;2.6;13.3
62060;Auxi-le-Château;2.4;22.4
62080;Bapaume;3.3;14.0
62268;Desvres;2.7;15.8
62361;Frévent;3.2;22.2
62364;Fruges;2.6;19.7
62397;Guînes;2.9;18.3
62447;Hesdin-la-Forêt;2.8;20.2
62534;Lumbres;2.1;14.2
62560;Marquise;3.7;15.0
62588;Montreuil-sur-Mer;4.0;13.2
62767;Saint-Pol-sur-Ternoise;3.9;16.5
62773;Samer;3.5;13.9
62861;Vimy;4.9;6.8
62893;Wimereux;4.8;13.3
63003;Ambert;2.0;16.5
63010;Arlanc;2.5;19.2
63038;Besse-et-Saint-Anastaise;5.1;14.4
63040;Billom;2.3;10.4
63047;La Bourboule-Mont-Dore;4.9;17.3
63125;Courpière;2.8;18.1
63178;Issoire;4.3;13.4
63195;Lezoux;3.2;9.2
63214;Les Martres-de-Veyre;5.3;6.1
63283;Pontaumur;3.0;19.9
63284;Pont-du-Château;3.7;8.2
63285;Pontgibaud;6.3;9.9
63338;Saint-Éloy-les-Mines;2.6;17.7
63430;Thiers;2.8;16.8
63457;Vic-le-Comte;3.6;7.7
64061;Artix;4.3;8.4
64062;Arudy;5.0;12.3
64063;Arzacq-Arraziguet;3.7;12.7
64233;Garlin;2.8;13.4
64256;Hasparren;3.5;11.7
64320;Laruns;5.5;14.2
64331;Lembeye;2.4;15.0
64371;Mauléon-Licharre;3.2;15.6
64393;Monein;3.1;10.2
64410;Mourenx;4.0;16.0
64416;Navarrenx;3.0;15.0
64422;Oloron-Sainte-Marie;4.4;14.1
64430;Orthez;3.4;11.8
64453;Pontacq;3.3;10.2
64485;Saint-Jean-Pied-de-Port;3.0;16.5
64493;Saint-Palais;3.4;14.5
64495;Saint-Pée-sur-Nivelle;3.5;11.0
64499;Salies-de-Béarn;4.1;15.3
64526;Soumoulou;3.6;8.3
65025;Argelès-Gazost;4.1;13.4
65031;Arreau;7.4;16.2
65059;Bagnères-de-Bigorre;4.2;15.0
65258;Lannemezan;2.9;15.4
65286;Lourdes;4.5;18.3
65295;Luz-Saint-Sauveur;5.0;16.3
65304;Maubourguet;3.3;17.5
65452;Trie-sur-Baïse;3.9;20.1
65460;Vic-en-Bigorre;3.5;15.5
66003;Amélie-les-Bains-Palalda;4.5;25.5
66016;Banyuls-sur-Mer;4.0;16.1
66024;Le Boulou;3.2;17.7
66025;Bourg-Madame;5.3;15.6
66037;Canet-en-Roussillon;4.2;16.9
66049;Céret;3.7;17.1
66088;Ille-sur-Têt;2.4;20.6
66108;Millas;3.5;19.4
66124;Font-Romeu-Odeillo-Via;5.4;16.2
66144;Pollestres;3.4;14.1
66149;Prades;2.4;24.1
66180;Saint-Laurent-de-la-Salanque;2.9;17.3
66210;Thuir;2.5;16.0
67021;Barr;4.7;8.3
67028;Benfeld;4.0;7.1
67061;Bouxwiller;3.7;9.2
67067;Brumath;4.8;5.3
67095;Diemeringen;2.8;10.6
67106;Drusenheim;3.9;6.9
67130;Erstein;3.5;8.5
67152;Geispolsheim;5.6;6.7
67202;Hochfelden;4.3;5.0
67205;Hœrdt;4.8;5.0
67222;Ingwiller;3.1;9.1
67281;Marckolsheim;3.8;7.3
67282;Marlenheim;4.1;5.1
67283;Marmoutier;3.9;7.3
67300;Molsheim;4.5;7.0
67348;Obernai;4.9;8.0
67372;Val-de-Moder;4.1;6.8
67388;Reichshoffen;3.8;9.7
67411;Rosheim;4.4;5.0
67434;Sarre-Union;3.5;13.9
67437;Saverne;4.0;10.3
67448;Schirmeck;4.3;9.7
67462;Sélestat;5.1;9.6
67463;Seltz;2.8;7.9
67474;Soultz-sous-Forêts;4.2;7.3
67495;Truchtersheim;3.4;5.0
67507;Villé;3.2;7.1
67519;La Wantzenau;3.3;5.7
67520;Wasselonne;3.6;7.4
67544;Wissembourg;3.2;12.1
67550;Wœrth;4.4;6.5
68004;Altkirch;3.6;8.7
68068;Dannemarie;2.0;7.6
68082;Ensisheim;2.8;5.9
68112;Guebwiller;3.1;10.3
68138;Hirsingue;3.2;7.0
68162;Kaysersberg Vignoble;3.9;8.2
68201;Masevaux-Niederbruck;3.1;8.2
68226;Munster;3.7;8.6
68269;Ribeauvillé;3.9;8.2
68287;Rouffach;3.2;6.6
68298;Sainte-Marie-aux-Mines;3.3;15.1
68309;Sierentz;2.6;5.0
69006;Amplepuis;2.7;12.4
69010;L'Arbresle;3.3;7.4
69018;Beaujeu;2.2;11.2
69019;Belleville-en-Beaujolais;3.1;8.3
69024;Val d'Oingt;2.8;6.1
69066;Cours;1.6;13.4
69141;Mornant;2.7;5.4
69201;Sainte-Foy-l'Argentière;2.7;8.6
69220;Saint-Laurent-de-Chamousset;2.6;8.5
69227;Saint-Martin-en-Haut;2.4;6.9
69238;Saint-Symphorien-sur-Coise;2.7;9.5
69243;Tarare;2.4;12.1
69248;Thizy-les-Bourgs;2.2;13.6
69287;Saint-Bonnet-de-Mure;2.9;5.0
70198;Dampierre-sur-Salon;3.4;13.2
70279;Gray;4.0;14.7
70285;Héricourt;3.1;12.7
70292;Jussey;3.6;17.7
70310;Lure;3.2;13.5
70311;Luxeuil-les-Bains;3.6;15.8
70334;Marnay;4.2;7.1
70421;Port-sur-Saône;3.3;12.5
70447;Rioz;3.8;8.0
70467;Saint-Loup-sur-Semouse;3.3;18.7
70550;Vesoul;4.7;14.2
70561;Villersexel;3.7;14.7
71014;Autun;3.0;16.5
71047;Bourbon-Lancy;2.2;13.7
71073;Chagny;2.9;8.1
71106;Charolles;2.8;13.0
71120;Chauffailles;2.1;12.4
71133;La Clayette;2.5;12.2
71137;Cluny;3.3;12.0
71176;Digoin;2.2;16.0
71192;Étang-sur-Arroux;2.7;15.4
71221;Givry;3.1;5.9
71230;Gueugnon;1.8;12.2
71263;Louhans;2.1;14.5
71275;Marcigny;1.5;13.4
71310;Montchanin;1.5;11.0
71342;Paray-le-Monial;2.7;11.5
71351;Pierre-de-Bresse;2.7;15.4
71417;Saint-Gengoux-le-National;2.4;10.7
71419;Saint-Germain-du-Bois;2.8;13.3
71512;Sennecey-le-Grand;2.9;9.6
71543;Tournus;2.7;12.5
72029;Beaumont-sur-Sarthe;2.6;11.0
72039;Bonnétable;2.2;10.7
72068;La Chartre-sur-le-Loir;2.6;14.0
72071;Montval-sur-Loir;2.5;14.9
72089;Conlie;3.6;10.1
72090;Connerré;2.0;10.9
72124;Écommoy;2.1;9.6
72132;La Ferté-Bernard;2.3;11.9
72138;Fresnay-sur-Sarthe;1.5;14.2
72143;Le Grand-Lucé;1.4;12.8
72154;La Flèche;3.4;12.0
72168;Loué;3.9;11.2
72176;Le Lude;2.5;15.3
72180;Mamers;2.7;15.6
72189;Marolles-les-Braults;2.4;14.5
72213;Mulsanne;2.3;7.3
72231;Parigné-l'Évêque;1.5;6.5
72264;Sablé-sur-Sarthe;2.8;12.9
72269;Saint-Calais;1.6;13.3
72334;Sillé-le-Guillaume;3.9;16.9
72346;La Suze-sur-Sarthe;2.1;7.9
72373;Vibraye;2.0;10.5
73006;Aime-la-Plagne;3.6;10.7
73010;Entrelacs;3.7;6.3
73034;Beaufort;6.4;11.3
73054;Bourg-Saint-Maurice;4.5;14.1
73055;Bozel;5.9;14.0
73157;Modane;5.2;13.2
73171;Montmélian;3.8;8.5
73181;Moûtiers;4.8;14.6
73215;Valgelon-La Rochette;3.2;7.8
73236;Saint-Genix-les-Villages;2.9;9.8
73248;Saint-Jean-de-Maurienne;4.0;11.1
73270;Saint-Pierre-d'Albigny;2.9;7.7
73303;Ugine;3.2;12.5
73304;Val-d'Isère;8.5;20.8
73330;Yenne;2.3;8.2
74043;Bons-en-Chablais;2.2;6.3
74056;Chamonix-Mont-Blanc;5.5;15.1
74096;Cruseilles;3.4;5.2
74105;Douvaine;1.9;8.7
74123;Faverges-Seythenex;3.6;9.2
74137;Groisy;4.0;5.0
74191;Morzine;4.7;14.4
74225;Rumilly;2.8;7.1
74258;Samoëns;3.7;11.3
74269;Seyssel;1.7;7.9
74276;Taninges;5.2;7.4
74280;Thônes;5.0;7.5
76034;Val-de-Scie;4.0;9.5
76035;Aumale;3.5;15.5
76057;Barentin;3.6;10.6
76101;Blangy-sur-Bresle;3.5;15.2
76114;Bolbec;2.8;14.0
76146;Buchy;3.8;6.9
76159;Cany-Barville;2.7;12.3
76164;Rives-en-Seine;3.8;10.7
76196;Criquetot-l'Esneval;2.9;5.0
76219;Doudeville;3.2;11.3
76222;Duclair;2.9;9.9
76255;Eu;3.6;14.2
76258;Terres-de-Caux;3.1;9.7
76259;Fécamp;3.0;13.3
76276;Forges-les-Eaux;4.2;14.7
76302;Goderville;2.8;7.1
76312;Gournay-en-Bray;2.2;13.3
76400;Luneray;3.5;10.7
76462;Neufchâtel-en-Bray;4.4;14.7
76476;Port-Jérôme-sur-Seine;2.6;12.2
76482;Offranville;4.2;8.5
76647;Saint-Romain-de-Colbosc;3.5;5.2
76648;Saint-Saëns;4.2;13.2
76655;Saint-Valery-en-Caux;3.3;12.8
76752;Yerville;3.1;7.7
76758;Yvetot;4.2;10.4
77051;Bray-sur-Seine;1.4;10.5
77053;Brie-Comte-Robert;2.4;7.7
77088;La Chapelle-la-Reine;2.2;6.9
77100;Le Châtelet-en-Brie;1.8;5.0
77118;Claye-Souilly;2.8;6.4
77131;Coulommiers;2.3;9.8
77153;Dammartin-en-Goële;2.3;7.2
77182;La Ferté-Gaucher;1.5;12.4
77183;La Ferté-sous-Jouarre;2.1;11.6
77192;Fontenay-Trésigny;1.8;6.7
77305;Montereau-Fault-Yonne;2.4;18.4
77316;Moret-Loing-et-Orvanne;2.9;9.3
77327;Nangis;1.6;11.0
77333;Nemours;2.3;13.3
77379;Provins;2.2;15.0
77393;Rozay-en-Brie;2.5;5.6
77437;Saint-Soupplets;2.2;5.6
77458;Souppes-sur-Loing;2.0;15.5
77470;Tournan-en-Brie;2.0;9.1
78029;Aubergenville;3.4;12.6
78089;Bonnières-sur-Seine;1.8;11.9
78217;Épône;2.5;5.5
78220;Les Essarts-le-Roi;2.7;5.4
78310;Houdan;1.8;5.0
78420;Montfort-l'Amaury;2.3;5.6
78455;Noisy-le-Roi;2.7;5.0
78486;Le Perray-en-Yvelines;2.6;5.2
78513;La Queue-les-Yvelines;2.2;5.0
78517;Rambouillet;3.1;7.0
78537;Saint-Arnoult-en-Yvelines;2.7;5.0
79005;Airvault;3.7;14.7
79048;La Crèche;3.7;5.0
79049;Bressuire;3.0;15.3
79061;Celles-sur-Belle;2.8;6.9
79062;Cerizay;2.8;12.2
79079;Mauléon;1.9;9.3
79083;Chef-Boutonne;2.4;19.4
79101;Coulonges-sur-l'Autize;1.8;12.0
79174;Melle;3.5;14.2
79179;Moncoutant-sur-Sèvre;2.5;14.0
79195;Nueil-les-Aubiers;2.3;14.0
79202;Parthenay;2.5;14.1
79270;Saint-Maixent-l'École;2.6;13.0
79307;Sauzé-entre-Bois;3.4;21.5
79311;Secondigny;1.9;15.4
79329;Thouars;3.0;14.5
80001;Abbeville;4.4;17.3
80010;Ailly-sur-Noye;3.1;9.3
80013;Airaines;3.7;16.5
80016;Albert;3.9;14.8
80211;Conty;3.7;9.7
80212;Corbie;4.7;9.9
80222;Crécy-en-Ponthieu;3.2;15.6
80253;Doullens;3.5;16.7
80318;Flixecourt;4.5;15.0
80368;Friville-Escarbotin;3.8;13.9
80373;Gamaches;3.3;15.7
80410;Ham;2.7;18.0
80561;Montdidier;3.8;16.1
80570;Moreuil;4.6;10.8
80606;Oisemont;3.4;16.9
80620;Péronne;2.8;16.4
80630;Poix-de-Picardie;3.6;11.9
80680;Rosières-en-Santerre;4.4;15.8
80685;Roye;3.2;16.0
80688;Rue;4.3;15.6
80721;Saint-Valery-sur-Somme;3.4;14.8
80799;Villers-Bretonneux;5.1;7.3
81003;Alban;2.4;20.4
81060;Carmaux;2.8;18.6
81099;Gaillac;3.6;16.0
81105;Graulhet;2.4;19.4
81120;Labruguière;2.9;13.2
81124;Lacaune;2.3;18.7
81140;Lavaur;2.5;11.1
81163;Mazamet;2.5;18.8
81219;Puylaurens;3.1;13.2
81220;Rabastens;3.1;12.1
81222;Réalmont;3.2;14.2
81271;Saint-Sulpice-la-Pointe;3.0;7.4
82013;Beaumont-de-Lomagne;4.1;16.5
82033;Castelsarrasin;2.5;17.7
82037;Caussade;3.4;17.8
82087;Lafrançaise;2.1;15.7
82112;Moissac;2.9;22.8
82125;Montech;2.7;12.1
82134;Nègrepelisse;3.1;17.0
82155;Saint-Antonin-Noble-Val;3.3;26.4
82186;Valence;2.7;16.8
82190;Verdun-sur-Garonne;2.6;10.8
83007;Aups;4.2;22.1
83012;Barjols;3.4;20.0
83019;Bormes-les-Mimosas;4.7;14.1
83023;Brignoles;2.8;20.1
83032;Carcès;2.1;19.9
83036;Cavalaire-sur-Mer;3.8;14.5
83042;Cogolin;4.4;16.7
83055;Fayence;3.4;15.6
83064;Garéoult;3.3;10.6
83071;La Londe-les-Maures;3.4;12.4
83072;Lorgues;3.6;16.9
83073;Le Luc;2.6;16.9
83081;Montauroux;4.1;13.7
83091;Pierrefeu-du-Var;2.1;8.9
83104;Rians;3.3;12.6
83106;Rocbaron;3.4;9.1
83107;Roquebrune-sur-Argens;2.5;11.0
83115;Sainte-Maxime;4.6;16.3
83116;Saint-Maximin-la-Sainte-Baume;3.2;12.4
83119;Saint-Tropez;4.1;13.8
83121;Salernes;4.4;19.1
83148;Vidauban;3.2;17.2
84003;Apt;3.5;20.3
84019;Bollène;2.7;20.1
84089;Pertuis;4.1;13.4
84106;Sainte-Cécile-les-Vignes;3.3;13.1
84123;Sault;3.0;22.0
84133;La Tour-d'Aigues;3.0;13.0
84137;Vaison-la-Romaine;4.7;17.2
84138;Valréas;2.8;19.2
85003;Aizenay;2.2;7.5
85018;Beauvoir-sur-Mer;3.0;10.2
85019;Bellevigny;2.7;6.1
85020;Benet;2.7;8.1
85035;Bretignolles-sur-Mer;2.7;8.0
85047;Challans;3.3;9.1
85051;Chantonnay;2.0;10.5
85059;La Châtaigneraie;1.9;12.7
85084;Essarts-en-Bocage;2.6;6.8
85092;Fontenay-le-Comte;2.7;12.9
85109;Les Herbiers;2.8;7.1
85113;L'Île-d'Yeu;3.5;9.3
85128;Luçon;3.1;11.1
85146;Montaigu-Vendée;3.4;6.2
85151;Mortagne-sur-Sèvre;2.6;5.7
85152;Les Achards;2.4;7.3
85156;Moutiers-les-Mauxfaits;2.4;10.1
85163;Noirmoutier-en-l'Île;3.1;11.8
85178;Le Poiré-sur-Vie;2.5;5.4
85182;Pouzauges;2.2;8.4
85215;Saint-Fulgent;2.6;6.3
85223;Saint-Jean-d'Hermine;2.4;11.4
85288;Talmont-Saint-Hilaire;3.0;7.8
85294;La Tranche-sur-Mer;3.4;9.8
86070;Chauvigny;3.8;10.9
86078;Civray;3.5;18.9
86082;Valence-en-Poitou;3.6;15.0
86092;Dangé-Saint-Romain;1.8;11.5
86103;Gençay;3.6;14.0
86112;L'Isle-Jourdain;3.7;21.6
86128;Lencloître;3.3;13.2
86137;Loudun;2.5;16.0
86139;Lusignan;3.9;12.4
86140;Lussac-les-Châteaux;3.0;14.1
86165;Montmorillon;3.4;16.3
86177;Neuville-de-Poitou;3.8;9.6
86293;Vivonne;4.9;9.1
86294;Vouillé;4.3;8.5
87001;Aixe-sur-Vienne;3.6;9.3
87002;Ambazac;3.6;12.0
87011;Bellac;2.6;22.3
87014;Bessines-sur-Gartempe;3.4;15.3
87032;Châlus;3.7;18.8
87064;Eymoutiers;2.9;19.5
87106;Nexon;2.6;10.9
87126;Rochechouart;3.4;17.9
87154;Saint-Junien;4.0;13.1
87161;Saint-Léonard-de-Noblat;3.4;13.7
87187;Saint-Yrieix-la-Perche;3.6;16.9
88075;La Bresse;2.9;12.9
88078;Bruyères;3.7;14.6
88090;Charmes;3.1;12.6
88114;Contrexéville;4.0;15.1
88196;Gérardmer;4.6;12.3
88304;Mirecourt;3.3;13.6
88321;Neufchâteau;3.2;15.5
88367;Rambervillers;3.3;17.9
88372;Raon-l'Étape;3.9;17.4
88383;Remiremont;4.1;12.6
88408;Rupt-sur-Moselle;2.5;15.9
88468;Le Thillot;2.4;15.9
88486;Vagney;3.3;11.2
88487;Le Val-d'Ajol;2.4;15.9
88516;Vittel;3.6;10.0
88530;Xertigny;2.3;19.0
89003;Montholon;1.9;10.0
89025;Avallon;3.0;14.6
89068;Chablis;2.5;10.3
89086;Charny Orée de Puisaye;2.1;16.3
89206;Joigny;2.5;20.9
89257;Migennes;2.2;18.1
89309;Pont-sur-Yonne;1.4;10.8
89345;Saint-Florentin;2.9;15.1
89368;Saint-Sauveur-en-Puisaye;3.6;19.3
89418;Tonnerre;3.8;17.0
89419;Toucy;2.4;14.5
89464;Villeneuve-sur-Yonne;1.4;12.0
90033;Delle;2.2;11.7
90052;Giromagny;2.6;13.6
91016;Angerville;2.1;9.4
91045;Ballancourt-sur-Essonne;1.8;5.6
91200;Dourdan;2.1;9.4
91226;Étréchy;2.1;5.0
91232;La Ferté-Alais;2.4;5.7
91338;Limours;2.6;5.0
91376;Marolles-en-Hurepoix;2.1;5.0
91405;Milly-la-Forêt;2.0;6.0
95250;Fosses;2.2;8.6
95351;Louvres;2.0;12.9
95355;Magny-en-Vexin;1.8;7.8
95370;Marines;1.3;5.9
95652;Viarmes;2.6;6.3
97209;Fort-de-France;4.7;25.3
97213;Le Lamentin;4.9;21.7
97222;Le Robert;3.8;26.7
97225;Saint-Pierre;2.7;31.5
97228;Sainte-Marie;3.5;34.0
97404;L'Étang-Salé;3.7;27.3
97414;Saint-Leu;5.0;43.3
97416;Saint-Louis-2;3.2;35.7
